TITLE,Lysozyme
DATA TYPE,CD SPECTRUM
ORIGIN,JASCO
OWNER,
DATE,2019/03/26
TIME,22:58:39
SPECTROMETER/DATA SYSTEM,JASCO Corp., J-815, Rev. 1.00
DELTAX,-1
XUNITS,NANOMETERS
YUNITS,CD [mdeg]
Y2UNITS,HT [V]
FIRSTX,  250.0000
LASTX,  195.0000
NPOINTS,      56
FIRSTY,     0.04522
MAXY,    24.79956
MINY,   -25.10844
XYDATA
Channel 1
,5.01,6.07,7.05,8.01,9.01,10.05,10.98,12.1,12.99,13.97,14.99,15.92,17.07,17.97,19.01,20.05,20.94,22,23,24.01,25.01,26.05,26.97,27.98,29.07,29.97,30.86,31.99,33.01,34,35.03,35.99,36.92,37.95,39.09,40.04,41.03,41.87,43.1,44.04,44.88,45.9,46.91,48.12,49.02,49.91,50.9,51.96,52.99,53.95,55.11,56,56.93,57.89,58.85,59.85,61.18,61.86,63.01,64.12,64.98,65.91,67,67.95,69.18,69.95,71.11,71.86,72.96,73.97,74.88,75.9,77.02,77.94,79.09,79.73,81.06,81.86,82.91,84.05,84.78,86.05,86.66,88.12,89.08,89.92,91.06,91.79,92.86,94.07,94.89
250,0.0452193,0.0472163,0.0744949,0.0738626,0.0616941,0.00202341,0.0290821,0.0722688,0.120051,0.0476006,0.052924,0.0218156,-0.0191881,-0.0159732,0.0533852,-0.0381312,0.0203807,-0.00301056,0.00041275,-0.0431352,-0.000428295,0.0365366,0.0539432,0.000415897,-0.0347899,-0.0495146,-0.0379621,0.00271206,-0.0483832,0.035794,-0.0801809,-0.0731929,-0.101624,-0.0682136,-0.099465,-0.0398164,-0.0786779,-0.111602,-0.0807688,-0.0713034,-0.0168051,-0.0566604,-0.107599,-0.106158,-0.158938,-0.0530295,-0.17542,-0.112247,-0.104763,-0.0731531,-0.101454,-0.058761,-0.0787351,-0.0866263,-0.112498,-0.141909,-0.175854,-0.115511,-0.126605,-0.124735,-0.127848,-0.131231,-0.139843,-0.0308262,-0.0527495,-0.0325093,0.0132379,0.0214867,0.0907133,0.10094,0.100863,0.101753,0.130006,0.107611,0.138431,0.0873746,0.0410137,0.069863,0.0678471,0.0677134,0.158195,0.0419751,0.0805512,0.0678929,0.116214,0.085672,0.0490695,0.0471447,0.0984304,0.0941431,0.0724588
249,-0.00373898,0.0441856,0.0112924,0.0392692,0.03193,-0.0711531,-0.0456015,0.025389,-0.000664043,-0.02354,0.0192368,-0.0199917,-0.062972,-0.0614656,0.0122656,-0.112369,-0.0570652,-0.0729552,-0.0771845,-0.0906954,-0.00875282,-0.0206627,-0.0485816,-0.0946182,-0.100397,-0.144559,-0.13092,-0.0590975,-0.0928005,-0.0187298,-0.133946,-0.0741649,-0.145271,-0.147405,-0.168794,-0.119647,-0.0977736,-0.133068,-0.128833,-0.103603,-0.0948687,-0.118006,-0.194229,-0.173274,-0.215459,-0.134592,-0.219918,-0.170428,-0.15893,-0.179005,-0.171888,-0.144729,-0.170845,-0.136039,-0.214709,-0.205001,-0.218495,-0.213983,-0.200394,-0.187324,-0.224279,-0.191833,-0.212197,-0.0954039,-0.0927744,-0.0836809,-0.0578933,-0.0305162,-0.0152868,-0.0191895,0.0297973,0.01969,0.00239058,0.0086524,0.0219259,0.0255264,-0.022185,0.0101861,-0.00598431,0.0450896,0.0749065,-0.0469557,0.00372705,-0.00714169,0.0502133,-0.00554876,-0.0553748,-0.0519655,0.0323815,0.0293373,-0.00972757
248,-0.0855318,0.0218746,-0.0692718,-0.0678978,-0.061097,-0.107066,-0.0947495,-0.0691236,-0.0913956,-0.0801423,-0.0244903,-0.101391,-0.110462,-0.0979259,-0.0556854,-0.19522,-0.137373,-0.175633,-0.137469,-0.1503,-0.060183,-0.114457,-0.133803,-0.157887,-0.206962,-0.220131,-0.173327,-0.143566,-0.19822,-0.127727,-0.20612,-0.137263,-0.243584,-0.22536,-0.220683,-0.172017,-0.139014,-0.213826,-0.234481,-0.21341,-0.202321,-0.186802,-0.253671,-0.23204,-0.298196,-0.191958,-0.250673,-0.244563,-0.232794,-0.248424,-0.271871,-0.225503,-0.23415,-0.209854,-0.319048,-0.279611,-0.257156,-0.311954,-0.280932,-0.267698,-0.331451,-0.282494,-0.30491,-0.176759,-0.167118,-0.167834,-0.121215,-0.120304,-0.0752966,-0.160852,-0.0911492,-0.075258,-0.118049,-0.0901259,-0.0641887,-0.0767284,-0.119414,-0.0838817,-0.0763413,-0.04543,-0.0789983,-0.0820196,-0.0759289,-0.082264,-0.0942513,-0.133191,-0.167049,-0.175365,-0.115066,-0.0619475,-0.140479
247,-0.166892,-0.0667364,-0.185491,-0.169554,-0.132929,-0.196745,-0.171067,-0.149897,-0.193083,-0.156207,-0.126676,-0.113667,-0.183771,-0.198529,-0.144177,-0.272828,-0.229119,-0.267143,-0.250782,-0.241578,-0.159882,-0.220052,-0.239064,-0.221064,-0.287183,-0.26447,-0.28824,-0.215131,-0.308857,-0.236927,-0.28435,-0.217041,-0.329253,-0.323919,-0.29288,-0.21828,-0.246736,-0.304909,-0.338923,-0.301916,-0.271198,-0.297549,-0.38148,-0.332746,-0.417458,-0.290669,-0.299378,-0.345542,-0.336311,-0.367824,-0.358744,-0.35245,-0.330172,-0.294835,-0.424508,-0.378449,-0.332325,-0.417988,-0.362157,-0.386053,-0.432232,-0.398124,-0.379701,-0.282721,-0.259883,-0.234109,-0.219718,-0.244261,-0.183464,-0.233241,-0.168975,-0.169713,-0.212073,-0.169417,-0.184851,-0.164392,-0.245294,-0.209007,-0.161559,-0.143913,-0.193196,-0.2254,-0.184953,-0.18892,-0.177441,-0.235574,-0.259484,-0.258682,-0.209785,-0.200491,-0.228471
246,-0.247629,-0.206735,-0.30868,-0.258933,-0.254712,-0.265635,-0.281055,-0.282568,-0.298838,-0.228658,-0.207528,-0.186227,-0.278777,-0.32989,-0.241067,-0.337847,-0.331433,-0.342442,-0.370819,-0.338513,-0.257585,-0.361576,-0.370997,-0.342322,-0.394187,-0.370391,-0.371953,-0.358343,-0.410101,-0.342696,-0.426929,-0.333117,-0.426745,-0.404934,-0.399905,-0.36211,-0.365133,-0.400075,-0.510266,-0.39493,-0.370271,-0.418594,-0.507956,-0.458822,-0.525107,-0.42967,-0.408012,-0.463482,-0.486882,-0.466983,-0.489872,-0.479071,-0.493936,-0.431834,-0.541992,-0.506581,-0.433967,-0.527948,-0.49823,-0.51134,-0.549223,-0.497793,-0.529835,-0.433548,-0.408388,-0.411737,-0.338808,-0.34636,-0.320113,-0.350872,-0.324802,-0.281051,-0.331601,-0.338114,-0.346463,-0.319381,-0.370851,-0.342161,-0.283205,-0.276575,-0.354166,-0.353207,-0.330382,-0.343769,-0.313603,-0.327227,-0.396743,-0.390405,-0.349854,-0.34479,-0.381262
245,-0.365568,-0.336709,-0.44083,-0.34192,-0.369885,-0.392301,-0.419902,-0.41399,-0.460792,-0.34699,-0.32067,-0.356561,-0.376169,-0.467697,-0.399381,-0.43872,-0.499205,-0.465415,-0.494931,-0.528883,-0.375203,-0.509688,-0.491291,-0.495428,-0.509154,-0.499295,-0.551222,-0.492667,-0.545662,-0.497567,-0.542757,-0.478485,-0.563437,-0.546394,-0.522985,-0.546332,-0.574877,-0.534227,-0.648009,-0.562513,-0.554945,-0.609391,-0.632746,-0.61502,-0.652457,-0.564843,-0.574433,-0.614717,-0.664272,-0.5845,-0.639876,-0.672609,-0.639938,-0.606419,-0.640204,-0.667541,-0.585092,-0.704166,-0.647195,-0.657342,-0.710619,-0.697805,-0.733536,-0.61284,-0.565195,-0.563978,-0.495757,-0.462038,-0.506739,-0.494627,-0.462205,-0.427637,-0.436379,-0.530469,-0.500287,-0.476213,-0.522176,-0.48461,-0.410086,-0.464324,-0.538015,-0.494534,-0.514335,-0.489542,-0.48801,-0.450862,-0.544152,-0.525629,-0.468401,-0.485109,-0.494993
244,-0.513938,-0.505926,-0.592161,-0.516416,-0.558744,-0.555116,-0.528941,-0.585724,-0.599116,-0.477382,-0.482157,-0.519762,-0.523144,-0.585031,-0.606551,-0.559875,-0.605961,-0.621564,-0.662491,-0.70587,-0.566951,-0.664884,-0.628615,-0.682678,-0.709346,-0.690815,-0.690471,-0.661393,-0.754306,-0.712602,-0.730639,-0.674254,-0.729887,-0.743755,-0.70533,-0.726836,-0.739312,-0.733078,-0.773713,-0.786911,-0.726065,-0.785043,-0.789203,-0.777937,-0.790672,-0.72131,-0.744443,-0.817291,-0.861962,-0.790552,-0.827916,-0.839401,-0.830442,-0.791427,-0.840323,-0.85342,-0.779027,-0.917679,-0.846225,-0.824643,-0.82929,-0.952853,-0.949896,-0.789377,-0.773723,-0.728055,-0.717221,-0.666806,-0.667232,-0.592687,-0.667462,-0.582716,-0.587536,-0.685764,-0.682609,-0.657811,-0.693239,-0.684016,-0.579027,-0.62482,-0.722028,-0.733825,-0.723044,-0.665534,-0.652669,-0.63759,-0.733856,-0.710155,-0.680733,-0.632836,-0.721734
243,-0.705332,-0.727804,-0.773649,-0.762973,-0.746672,-0.76553,-0.744334,-0.79958,-0.813695,-0.725941,-0.69298,-0.71004,-0.734754,-0.784676,-0.863836,-0.745988,-0.774311,-0.809105,-0.872921,-0.93058,-0.819727,-0.842921,-0.799516,-0.879216,-0.86193,-0.909319,-0.901016,-0.889827,-0.983262,-0.930129,-0.964173,-0.910837,-0.936213,-0.983103,-0.869807,-0.966701,-0.98858,-0.961114,-0.947927,-1.02741,-0.978644,-0.99696,-1.00624,-0.983029,-0.989219,-0.964286,-0.983865,-1.02253,-1.08421,-1.02478,-1.05241,-1.0682,-1.04341,-1.01808,-1.07725,-1.05972,-1.03131,-1.13572,-1.07783,-1.06846,-1.05158,-1.17724,-1.14796,-1.00394,-1.00944,-0.943948,-0.925363,-0.913722,-0.888578,-0.798341,-0.878221,-0.774758,-0.775481,-0.879641,-0.861991,-0.901368,-0.901531,-0.891217,-0.816207,-0.903649,-0.917033,-0.955095,-0.950505,-0.886958,-0.836772,-0.843222,-0.947488,-0.913406,-0.844431,-0.863665,-0.920184
242,-0.922345,-1.00473,-1.01543,-1.00577,-0.996334,-0.99595,-1.02069,-1.04197,-1.05514,-1.00879,-0.974222,-1.00629,-0.973306,-1.08151,-1.14289,-1.01926,-1.06391,-1.06906,-1.15856,-1.16711,-1.11647,-1.0986,-1.03699,-1.17489,-1.11789,-1.20721,-1.15698,-1.21923,-1.22675,-1.20589,-1.24638,-1.15964,-1.17852,-1.28169,-1.12726,-1.22784,-1.23666,-1.27064,-1.22019,-1.30077,-1.21893,-1.28953,-1.29033,-1.26815,-1.25022,-1.27455,-1.2469,-1.3088,-1.32677,-1.29964,-1.33936,-1.33086,-1.31088,-1.31712,-1.32203,-1.35141,-1.39335,-1.45085,-1.36303,-1.36847,-1.34338,-1.43349,-1.46204,-1.29752,-1.30515,-1.26488,-1.18187,-1.20118,-1.16509,-1.06758,-1.1643,-0.994886,-0.99808,-1.16533,-1.16516,-1.16325,-1.10807,-1.14255,-1.09949,-1.16724,-1.18845,-1.15962,-1.18506,-1.11351,-1.10688,-1.14903,-1.21589,-1.21039,-1.07182,-1.09543,-1.13753
241,-1.25798,-1.27578,-1.2738,-1.34575,-1.29994,-1.34867,-1.3377,-1.371,-1.3917,-1.32636,-1.31234,-1.34535,-1.29778,-1.40385,-1.48048,-1.36197,-1.37528,-1.42905,-1.47578,-1.46659,-1.46426,-1.4572,-1.36534,-1.51378,-1.43556,-1.57934,-1.49024,-1.60163,-1.52793,-1.53356,-1.57491,-1.4814,-1.51532,-1.62608,-1.50426,-1.59562,-1.58596,-1.60359,-1.52708,-1.63021,-1.6407,-1.64487,-1.62328,-1.57779,-1.59821,-1.61802,-1.63512,-1.61663,-1.67261,-1.63192,-1.71077,-1.65942,-1.66431,-1.68188,-1.71644,-1.68885,-1.74018,-1.82398,-1.73989,-1.72577,-1.69017,-1.82582,-1.79351,-1.65165,-1.6387,-1.5752,-1.48394,-1.49381,-1.49012,-1.37537,-1.46782,-1.32605,-1.27434,-1.44181,-1.40303,-1.42027,-1.40775,-1.45876,-1.40534,-1.42349,-1.52772,-1.40445,-1.46803,-1.44479,-1.39688,-1.47656,-1.49694,-1.50457,-1.35961,-1.3697,-1.40834
240,-1.68256,-1.62487,-1.66777,-1.78629,-1.72068,-1.7654,-1.72294,-1.73665,-1.81918,-1.80086,-1.73838,-1.74646,-1.74525,-1.8331,-1.88311,-1.79749,-1.75766,-1.85318,-1.87961,-1.83705,-1.9451,-1.87962,-1.83218,-1.8793,-1.85294,-1.97657,-1.913,-2.00721,-1.98991,-1.96866,-2.0192,-1.90657,-1.88587,-2.04291,-1.96137,-1.99345,-1.98605,-1.97467,-1.94763,-2.02408,-2.05043,-2.04471,-2.1042,-2.00533,-2.08431,-2.05729,-2.09469,-2.06292,-2.09592,-2.10573,-2.14504,-2.07636,-2.06136,-2.1353,-2.20572,-2.16725,-2.16564,-2.28104,-2.18673,-2.19138,-2.11959,-2.23749,-2.16307,-2.02728,-2.00885,-1.99046,-1.90946,-1.85757,-1.79363,-1.73828,-1.78943,-1.68567,-1.6239,-1.76557,-1.74044,-1.75876,-1.67337,-1.77788,-1.75327,-1.7715,-1.86747,-1.67161,-1.76917,-1.74307,-1.68668,-1.82454,-1.7922,-1.85185,-1.73745,-1.68494,-1.76412
239,-2.19083,-2.14521,-2.18968,-2.33896,-2.20933,-2.21002,-2.21695,-2.22655,-2.36528,-2.33059,-2.25527,-2.22397,-2.24996,-2.3843,-2.40278,-2.30928,-2.32523,-2.38152,-2.37758,-2.35768,-2.48774,-2.396,-2.33966,-2.3886,-2.36954,-2.5174,-2.43901,-2.53976,-2.51902,-2.46301,-2.57033,-2.42917,-2.41667,-2.55939,-2.46622,-2.51429,-2.52828,-2.55316,-2.50887,-2.52264,-2.60525,-2.52787,-2.63824,-2.49668,-2.66304,-2.63187,-2.61107,-2.58875,-2.62718,-2.61437,-2.64381,-2.60373,-2.63044,-2.68951,-2.71523,-2.70187,-2.65525,-2.81913,-2.73389,-2.78265,-2.69203,-2.73564,-2.64812,-2.54485,-2.49389,-2.44329,-2.34561,-2.24272,-2.18552,-2.16431,-2.12539,-2.07649,-1.96561,-2.13074,-2.09114,-2.12018,-2.052,-2.14147,-2.10857,-2.15025,-2.19723,-2.03079,-2.10229,-2.05879,-2.06551,-2.14918,-2.13064,-2.22476,-2.07482,-2.068,-2.05587
238,-2.82024,-2.78996,-2.83591,-2.93249,-2.82806,-2.82825,-2.88352,-2.83641,-3.00145,-2.95548,-2.87921,-2.89145,-2.90423,-3.03299,-2.99485,-2.99923,-2.9973,-3.00329,-3.03931,-2.92061,-3.13887,-3.02829,-3.03874,-3.09353,-3.03915,-3.11212,-3.08384,-3.23112,-3.13899,-3.14199,-3.19257,-3.07415,-3.08727,-3.18865,-3.16257,-3.12641,-3.19783,-3.15523,-3.20118,-3.13725,-3.24704,-3.15357,-3.30023,-3.18149,-3.30162,-3.26899,-3.25439,-3.26879,-3.23298,-3.26626,-3.27344,-3.28219,-3.27759,-3.3659,-3.37544,-3.37633,-3.28271,-3.45429,-3.39305,-3.41525,-3.30889,-3.31067,-3.27969,-3.18437,-3.04965,-2.97032,-2.83914,-2.63835,-2.59169,-2.61524,-2.4999,-2.49514,-2.39016,-2.51835,-2.50149,-2.55597,-2.49376,-2.55725,-2.50943,-2.56099,-2.60182,-2.39041,-2.48416,-2.45558,-2.4617,-2.55413,-2.49803,-2.55416,-2.45952,-2.38012,-2.39388
237,-3.63382,-3.52737,-3.58376,-3.67742,-3.58047,-3.64021,-3.63621,-3.62433,-3.792,-3.72143,-3.67542,-3.66385,-3.68182,-3.81853,-3.7617,-3.76215,-3.77645,-3.79289,-3.8242,-3.67737,-3.94483,-3.84652,-3.82083,-3.86012,-3.82088,-3.89096,-3.86677,-4.01302,-3.92941,-3.92267,-3.97556,-3.93731,-3.87825,-3.94205,-3.99168,-3.96657,-3.9877,-3.87972,-4.00104,-3.91858,-4.0368,-3.95386,-4.03224,-3.9329,-4.06072,-4.05402,-4.11134,-4.04968,-4.04735,-4.04285,-4.07903,-4.09295,-4.04503,-4.1598,-4.16107,-4.17617,-4.05454,-4.1696,-4.1626,-4.16413,-4.04578,-4.05738,-3.97176,-3.87783,-3.7281,-3.54333,-3.40378,-3.11764,-3.0374,-3.01452,-2.9436,-2.99705,-2.89784,-2.95697,-2.94494,-2.95668,-2.93377,-2.93313,-2.86406,-2.91254,-3.01703,-2.85568,-2.89797,-2.87568,-2.87326,-2.92069,-2.88587,-2.90393,-2.84229,-2.77861,-2.78877
236,-4.61168,-4.48799,-4.5621,-4.5818,-4.57911,-4.5578,-4.54675,-4.55738,-4.69854,-4.70546,-4.61676,-4.60743,-4.62508,-4.75006,-4.6427,-4.67221,-4.71715,-4.729,-4.75835,-4.62267,-4.86674,-4.77879,-4.72759,-4.78008,-4.78462,-4.80759,-4.80162,-4.93722,-4.85989,-4.86113,-4.9105,-4.89457,-4.79664,-4.9042,-4.96437,-4.90988,-4.87033,-4.79344,-4.94012,-4.8859,-4.94806,-4.81578,-4.93556,-4.85583,-5.00632,-5.06159,-5.05777,-5.00352,-4.96312,-4.98313,-4.97998,-5.07663,-4.97814,-5.0684,-5.06532,-5.07683,-5.0098,-5.09304,-5.0656,-4.98902,-4.93971,-4.85817,-4.7693,-4.62515,-4.50814,-4.16238,-4.02888,-3.63981,-3.51914,-3.47138,-3.42066,-3.53363,-3.4196,-3.36896,-3.45919,-3.41784,-3.40276,-3.39733,-3.3212,-3.40885,-3.40493,-3.37073,-3.34376,-3.32773,-3.35125,-3.34852,-3.28759,-3.3555,-3.2397,-3.16694,-3.15572
235,-5.71488,-5.66532,-5.70756,-5.73078,-5.68092,-5.65579,-5.67629,-5.72767,-5.79071,-5.8508,-5.77917,-5.71094,-5.7423,-5.86005,-5.74305,-5.8056,-5.8746,-5.80194,-5.91791,-5.80095,-5.93277,-5.83179,-5.80149,-5.99547,-5.93543,-5.86837,-5.9514,-5.97198,-5.9737,-5.95912,-6.01585,-5.99847,-5.95141,-5.94669,-6.04296,-5.9678,-5.9925,-5.9283,-6.01938,-6.01166,-6.01879,-5.96478,-5.99839,-5.9693,-6.05602,-6.1204,-6.05833,-6.05154,-6.03066,-6.0257,-6.0563,-6.13728,-6.0784,-6.16305,-6.06645,-6.11157,-6.12196,-6.13044,-6.06042,-6.01452,-5.94574,-5.86854,-5.73715,-5.54057,-5.32571,-4.92271,-4.69131,-4.22047,-4.05423,-4.00773,-3.96323,-4.01842,-3.9603,-3.86774,-3.8966,-3.88898,-3.87285,-3.90084,-3.80585,-3.90762,-3.86872,-3.8953,-3.77795,-3.83291,-3.84989,-3.76953,-3.78975,-3.82219,-3.65988,-3.61508,-3.57197
234,-7.07003,-6.94797,-7.00804,-7.00804,-6.95398,-6.94652,-7.02912,-7.05775,-7.07904,-7.13797,-7.05607,-7.03914,-7.05721,-7.19293,-7.04568,-7.10664,-7.15889,-7.10016,-7.26326,-7.12539,-7.20685,-7.14852,-7.0681,-7.29118,-7.18974,-7.1406,-7.22603,-7.26524,-7.18579,-7.26015,-7.26815,-7.30124,-7.21009,-7.19602,-7.30185,-7.15679,-7.23818,-7.18211,-7.27394,-7.29467,-7.22706,-7.20458,-7.19922,-7.23685,-7.20893,-7.33351,-7.26161,-7.3059,-7.22846,-7.23902,-7.26225,-7.34532,-7.31788,-7.35171,-7.28309,-7.32285,-7.32106,-7.27835,-7.24858,-7.17197,-7.05431,-6.95124,-6.76293,-6.52058,-6.28981,-5.78306,-5.40535,-4.92492,-4.62939,-4.5799,-4.56677,-4.53566,-4.54005,-4.4385,-4.42198,-4.44779,-4.41382,-4.44535,-4.33444,-4.41582,-4.42409,-4.40715,-4.31569,-4.38112,-4.37309,-4.27691,-4.3173,-4.30872,-4.16872,-4.06534,-4.04678
233,-8.58961,-8.41612,-8.48284,-8.49723,-8.42527,-8.40248,-8.4666,-8.53636,-8.46778,-8.61213,-8.52324,-8.42009,-8.52588,-8.6467,-8.47803,-8.5066,-8.52891,-8.54134,-8.72501,-8.59175,-8.59205,-8.59257,-8.49838,-8.59998,-8.5848,-8.51795,-8.64501,-8.61189,-8.60194,-8.5947,-8.66773,-8.6695,-8.57743,-8.62705,-8.6342,-8.52333,-8.57221,-8.54324,-8.57196,-8.67279,-8.5448,-8.56993,-8.51646,-8.61278,-8.5284,-8.58677,-8.51884,-8.61172,-8.55091,-8.55824,-8.59529,-8.61591,-8.5947,-8.58402,-8.49951,-8.62054,-8.56171,-8.53074,-8.47308,-8.38051,-8.26675,-8.09403,-7.89787,-7.5434,-7.26122,-6.62152,-6.21488,-5.61881,-5.26409,-5.1179,-5.19601,-5.07116,-5.07425,-5.01666,-5.02447,-4.94429,-4.95684,-5.00036,-4.91228,-4.92771,-4.94924,-4.94579,-4.84221,-4.94432,-4.79743,-4.81332,-4.81523,-4.85552,-4.63057,-4.61911,-4.58841
232,-10.0965,-9.93579,-10.0181,-10.0514,-9.96642,-9.91825,-9.99949,-10.0589,-10.0058,-10.1294,-10.062,-9.94689,-9.97497,-10.1015,-9.94686,-10.0404,-10.0482,-10.067,-10.1964,-10.0835,-10.0556,-10.0406,-9.92434,-10.0478,-10.101,-9.94522,-10.1065,-9.96623,-10.0396,-9.96966,-10.006,-10.0805,-9.98218,-9.99854,-9.9776,-9.88873,-9.91501,-9.97036,-9.90548,-10.0578,-9.95474,-9.92345,-9.95079,-9.9738,-9.83542,-9.90891,-9.87833,-9.93708,-9.86564,-9.92355,-9.91347,-9.95973,-9.95648,-9.90887,-9.86558,-9.86957,-9.83605,-9.77491,-9.73646,-9.62924,-9.48178,-9.35082,-9.01963,-8.62069,-8.26145,-7.58452,-7.0115,-6.35924,-5.95919,-5.73137,-5.83002,-5.62406,-5.66599,-5.59514,-5.61333,-5.56599,-5.52883,-5.55609,-5.57387,-5.57592,-5.54754,-5.44813,-5.44185,-5.51418,-5.40455,-5.36081,-5.35683,-5.44251,-5.22242,-5.16615,-5.07126
231,-11.6081,-11.3827,-11.5079,-11.5765,-11.4265,-11.3899,-11.5052,-11.5073,-11.4469,-11.5403,-11.5435,-11.3646,-11.3938,-11.5503,-11.4093,-11.4937,-11.536,-11.4933,-11.6245,-11.5763,-11.5304,-11.4615,-11.3331,-11.5109,-11.5244,-11.3452,-11.4427,-11.3014,-11.4445,-11.3355,-11.3522,-11.4178,-11.329,-11.3341,-11.3284,-11.2137,-11.2444,-11.2343,-11.2329,-11.4104,-11.2687,-11.2114,-11.3183,-11.3068,-11.1248,-11.1374,-11.1696,-11.2164,-11.1913,-11.2501,-11.1744,-11.1275,-11.2952,-11.1215,-11.0807,-11.0847,-11.0413,-10.9859,-10.9564,-10.9104,-10.601,-10.5264,-10.0862,-9.71016,-9.2658,-8.58708,-7.85635,-7.06794,-6.59894,-6.42241,-6.38419,-6.16194,-6.22955,-6.17236,-6.21348,-6.21507,-6.16813,-6.14869,-6.2308,-6.20803,-6.15209,-6.01242,-6.08995,-6.05736,-5.97432,-5.92419,-5.88466,-5.98977,-5.74283,-5.70717,-5.6245
230,-13.0082,-12.75,-12.8464,-12.8995,-12.8047,-12.6963,-12.8429,-12.8421,-12.7433,-12.8258,-12.864,-12.7279,-12.668,-12.8748,-12.7778,-12.7902,-12.8202,-12.8123,-12.9301,-12.8383,-12.8685,-12.7737,-12.6338,-12.7356,-12.7633,-12.6451,-12.6938,-12.6241,-12.6731,-12.6325,-12.5636,-12.6627,-12.5759,-12.5769,-12.5553,-12.3973,-12.4527,-12.467,-12.4768,-12.5548,-12.5072,-12.3989,-12.4652,-12.494,-12.3129,-12.3012,-12.371,-12.426,-12.3592,-12.4194,-12.3425,-12.2554,-12.4624,-12.2573,-12.284,-12.25,-12.0967,-12.1339,-12.0042,-12.0024,-11.6689,-11.5165,-11.1326,-10.711,-10.1611,-9.3977,-8.65646,-7.84689,-7.31376,-7.06545,-6.97991,-6.7547,-6.85037,-6.79179,-6.82524,-6.89142,-6.83816,-6.76374,-6.91287,-6.85254,-6.8289,-6.64164,-6.7722,-6.68921,-6.62733,-6.48106,-6.42583,-6.43677,-6.31873,-6.22078,-6.13707
229,-14.0793,-13.9565,-13.9537,-14.056,-13.9373,-13.8534,-14.0049,-14.0037,-13.835,-13.9618,-14.0545,-13.8635,-13.7642,-13.9566,-13.8672,-13.9632,-13.8862,-13.8675,-14.0059,-13.888,-13.9296,-13.8079,-13.6867,-13.7467,-13.846,-13.7163,-13.6924,-13.7149,-13.6562,-13.617,-13.5887,-13.7586,-13.5851,-13.5713,-13.5598,-13.4548,-13.5106,-13.5092,-13.528,-13.5875,-13.565,-13.3852,-13.5199,-13.5137,-13.3536,-13.2674,-13.4387,-13.3704,-13.343,-13.4342,-13.3464,-13.2423,-13.4208,-13.288,-13.2478,-13.1525,-13.0241,-13.0681,-12.9857,-12.8558,-12.5952,-12.4667,-12.0141,-11.5975,-10.9571,-10.1382,-9.34842,-8.53752,-8.01021,-7.70578,-7.59954,-7.3925,-7.48756,-7.3872,-7.50231,-7.50242,-7.49196,-7.33133,-7.57422,-7.44475,-7.39204,-7.3242,-7.39976,-7.28004,-7.18998,-7.067,-6.97775,-6.929,-6.89645,-6.7533,-6.69413
228,-14.953,-14.8973,-14.8727,-15.0392,-14.8526,-14.8422,-14.9122,-14.8543,-14.7351,-14.834,-15.0043,-14.8014,-14.6583,-14.9091,-14.7435,-14.9435,-14.7737,-14.7723,-14.8622,-14.7185,-14.7792,-14.7238,-14.5388,-14.6432,-14.7303,-14.5644,-14.5399,-14.5846,-14.4806,-14.5411,-14.4891,-14.5588,-14.4609,-14.3901,-14.4614,-14.333,-14.4091,-14.342,-14.373,-14.4134,-14.3787,-14.218,-14.4069,-14.2923,-14.1773,-14.1458,-14.2906,-14.171,-14.1428,-14.2176,-14.133,-14.1628,-14.1526,-14.11,-14.0929,-13.954,-13.8614,-13.8815,-13.7111,-13.6735,-13.4084,-13.2168,-12.7876,-12.4683,-11.6267,-10.8996,-10.0781,-9.22952,-8.72888,-8.37937,-8.13929,-8.10175,-8.15368,-8.02185,-8.14944,-8.17843,-8.17865,-8.00965,-8.16802,-8.10702,-8.01737,-7.92539,-8.0508,-7.8619,-7.83306,-7.61756,-7.54347,-7.51188,-7.42959,-7.23116,-7.21319
227,-15.7103,-15.641,-15.595,-15.7178,-15.5887,-15.6169,-15.6413,-15.5621,-15.4323,-15.6306,-15.7132,-15.5971,-15.4324,-15.6145,-15.5198,-15.6154,-15.5011,-15.428,-15.6246,-15.4564,-15.4945,-15.4158,-15.2855,-15.2974,-15.4045,-15.4177,-15.2981,-15.2776,-15.1673,-15.2614,-15.1746,-15.2757,-15.2281,-15.1098,-15.1385,-15.0729,-15.1523,-15.0965,-15.112,-15.0666,-15.0244,-14.908,-15.0391,-15.0552,-14.9649,-14.8903,-14.9604,-14.79,-14.7707,-14.8658,-14.8071,-14.887,-14.8564,-14.802,-14.7875,-14.7085,-14.6214,-14.5869,-14.4342,-14.3079,-14.0843,-13.8986,-13.4088,-13.1795,-12.3059,-11.6484,-10.8211,-9.9582,-9.36099,-9.06235,-8.79539,-8.84901,-8.81225,-8.62482,-8.69897,-8.79425,-8.83951,-8.64558,-8.82656,-8.78088,-8.68084,-8.6139,-8.69873,-8.45075,-8.41451,-8.17941,-8.09149,-8.01462,-8.02571,-7.72782,-7.69583
226,-16.2915,-16.2883,-16.2888,-16.2613,-16.1886,-16.2859,-16.2327,-16.2018,-16.084,-16.3093,-16.2985,-16.2049,-16.1101,-16.1613,-16.1644,-16.2046,-16.1481,-16.1195,-16.188,-16.069,-16.0913,-16.08,-15.9382,-15.9018,-16.0119,-16.115,-15.8961,-15.9572,-15.783,-15.9882,-15.8475,-15.8993,-15.8776,-15.8181,-15.737,-15.8156,-15.7804,-15.7909,-15.7162,-15.6892,-15.6534,-15.5617,-15.6588,-15.5647,-15.5949,-15.4617,-15.4884,-15.3994,-15.3885,-15.4408,-15.4669,-15.4977,-15.4242,-15.4615,-15.3734,-15.3799,-15.2501,-15.2366,-14.9699,-14.935,-14.7319,-14.518,-14.0616,-13.7527,-12.9323,-12.3137,-11.5294,-10.5832,-9.93341,-9.7536,-9.41792,-9.55582,-9.30143,-9.30007,-9.35808,-9.37402,-9.37539,-9.30494,-9.32248,-9.3246,-9.29859,-9.20245,-9.23403,-8.98749,-8.94504,-8.76719,-8.6313,-8.58962,-8.54858,-8.20825,-8.25796
225,-16.8276,-16.8464,-16.8419,-16.7369,-16.7687,-16.8653,-16.8145,-16.7654,-16.6439,-16.8563,-16.8352,-16.8483,-16.7294,-16.7367,-16.7786,-16.7275,-16.7064,-16.704,-16.6923,-16.6313,-16.651,-16.6679,-16.616,-16.4377,-16.6331,-16.6809,-16.4838,-16.5453,-16.4605,-16.4994,-16.4131,-16.4959,-16.4365,-16.3543,-16.3148,-16.4882,-16.3157,-16.3564,-16.307,-16.2774,-16.1664,-16.1085,-16.2269,-16.165,-16.1691,-16.0759,-16.0578,-15.9253,-16.0122,-16.0266,-16.0107,-16.2269,-15.9511,-16.0647,-15.9072,-16.0384,-15.8621,-15.7278,-15.5937,-15.4987,-15.3026,-15.1035,-14.6676,-14.434,-13.6092,-12.902,-12.1018,-11.2256,-10.5762,-10.3355,-10.0745,-10.1856,-9.88618,-9.92094,-9.87237,-9.91681,-9.9535,-9.91146,-9.86493,-9.86146,-9.78996,-9.72263,-9.68895,-9.53653,-9.39782,-9.30394,-9.2048,-9.17087,-9.06301,-8.68494,-8.73541
224,-17.4068,-17.3395,-17.3782,-17.2235,-17.3314,-17.477,-17.3963,-17.3642,-17.2747,-17.2737,-17.3639,-17.3321,-17.3921,-17.2787,-17.3219,-17.3163,-17.3102,-17.3245,-17.276,-17.1451,-17.2317,-17.3138,-17.1723,-17.0308,-17.124,-17.2041,-17.0847,-17.1255,-17.1043,-17.0274,-16.9968,-17.0122,-16.9778,-16.9665,-16.8907,-17.1022,-16.8577,-16.9245,-16.7877,-16.8142,-16.7039,-16.6769,-16.7322,-16.6923,-16.7425,-16.7336,-16.5883,-16.5695,-16.5905,-16.606,-16.5355,-16.765,-16.5522,-16.6626,-16.4588,-16.6043,-16.5146,-16.336,-16.119,-16.0983,-15.8719,-15.6325,-15.2839,-14.9951,-14.1837,-13.5562,-12.7412,-11.7482,-11.1357,-10.8578,-10.6259,-10.8129,-10.3811,-10.4588,-10.4961,-10.4643,-10.5053,-10.4416,-10.3466,-10.3576,-10.3542,-10.2989,-10.1361,-10.0273,-9.94638,-9.85043,-9.71307,-9.7507,-9.52317,-9.26512,-9.07572
223,-17.9325,-17.7247,-17.9533,-17.6714,-17.7708,-17.8767,-17.9713,-17.8762,-17.8456,-17.8388,-17.7841,-17.9666,-18.0419,-17.8186,-17.8183,-17.6877,-17.876,-17.8636,-17.7963,-17.7208,-17.7882,-17.8643,-17.7628,-17.5886,-17.6401,-17.8209,-17.5878,-17.662,-17.6377,-17.5231,-17.5127,-17.5514,-17.4674,-17.5605,-17.4678,-17.7736,-17.3638,-17.5185,-17.3579,-17.3017,-17.2441,-17.2484,-17.2537,-17.2842,-17.3321,-17.2547,-17.0096,-17.08,-17.1644,-17.223,-17.1511,-17.2808,-17.1681,-17.2783,-17.0408,-17.1609,-17.107,-16.9203,-16.7694,-16.6453,-16.4127,-16.1868,-15.8134,-15.5034,-14.7588,-14.1283,-13.2826,-12.258,-11.5997,-11.3269,-11.1478,-11.2187,-10.8375,-10.9337,-11.012,-11.0349,-10.9454,-10.9681,-10.7918,-10.8736,-10.8952,-10.8459,-10.6,-10.5185,-10.5569,-10.3418,-10.0861,-10.2326,-9.94299,-9.64668,-9.49638
222,-18.4127,-18.1818,-18.4452,-18.1074,-18.2622,-18.3087,-18.4568,-18.3102,-18.3399,-18.2881,-18.1506,-18.4537,-18.5194,-18.3499,-18.2256,-18.2106,-18.3594,-18.25,-18.2412,-18.1527,-18.3596,-18.3396,-18.2728,-18.0488,-18.1321,-18.223,-18.0263,-18.2243,-18.1481,-18.0837,-18.0476,-18.0438,-17.9406,-18.0809,-17.976,-18.1266,-17.8183,-17.9967,-17.9123,-17.8108,-17.7346,-17.7843,-17.814,-17.7988,-17.7787,-17.6849,-17.5003,-17.5189,-17.7411,-17.8397,-17.7344,-17.7547,-17.676,-17.6554,-17.5695,-17.5625,-17.5257,-17.3885,-17.2788,-17.1317,-16.8756,-16.6851,-16.3836,-15.9405,-15.1884,-14.5535,-13.7271,-12.6962,-11.9798,-11.7707,-11.6408,-11.6749,-11.2609,-11.43,-11.5245,-11.4446,-11.3175,-11.3723,-11.2262,-11.3199,-11.3906,-11.2857,-10.9656,-10.9071,-10.9769,-10.702,-10.513,-10.6262,-10.2952,-10.0976,-9.85229
221,-18.8472,-18.6524,-18.7455,-18.5408,-18.6772,-18.6512,-18.7714,-18.8393,-18.7163,-18.6502,-18.4899,-18.8505,-18.8521,-18.7837,-18.7044,-18.5973,-18.678,-18.6835,-18.6645,-18.6426,-18.7801,-18.7033,-18.6534,-18.5575,-18.5671,-18.5936,-18.3756,-18.6942,-18.6244,-18.534,-18.5574,-18.4387,-18.3378,-18.3763,-18.4926,-18.4907,-18.2986,-18.3771,-18.348,-18.154,-18.1386,-18.2459,-18.3705,-18.2281,-18.1166,-18.1354,-18.0277,-17.9871,-18.2181,-18.4018,-18.2228,-18.133,-18.2256,-18.022,-18.0389,-17.8885,-17.9608,-17.8261,-17.6555,-17.6155,-17.3746,-17.1313,-16.8428,-16.3697,-15.7535,-14.9131,-14.0397,-13.0231,-12.4787,-12.1446,-11.913,-11.887,-11.7958,-11.6932,-11.8602,-11.8717,-11.8408,-11.7829,-11.7012,-11.5871,-11.7128,-11.6526,-11.3923,-11.3215,-11.3254,-11.067,-10.893,-10.9532,-10.7249,-10.4545,-10.1444
220,-19.1808,-18.9482,-19.1099,-18.905,-18.9898,-19.0122,-19.0434,-19.1642,-19.1306,-19.0004,-18.8447,-19.1681,-19.1628,-19.1294,-18.9907,-19.0189,-19.0189,-18.9404,-19.0467,-18.9686,-18.9493,-19.0234,-18.9392,-18.8709,-18.9096,-18.9066,-18.8221,-19.0224,-18.9037,-18.9164,-18.9088,-18.8605,-18.7222,-18.8019,-18.8739,-18.7284,-18.6863,-18.7672,-18.7516,-18.4269,-18.5117,-18.7238,-18.7743,-18.5747,-18.4141,-18.5581,-18.4833,-18.4258,-18.6723,-18.7436,-18.6258,-18.4385,-18.5441,-18.4495,-18.4671,-18.2487,-18.3648,-18.1835,-18.0461,-18.0038,-17.712,-17.4278,-17.2971,-16.6674,-16.0755,-15.2413,-14.3858,-13.224,-12.9058,-12.5453,-12.2536,-12.352,-12.1085,-12.0741,-12.2791,-12.2224,-12.1572,-12.1194,-12.0717,-11.9656,-12.0521,-12.0768,-11.8031,-11.6849,-11.775,-11.3391,-11.2843,-11.2829,-11.0579,-10.7053,-10.4531
219,-19.4407,-19.232,-19.379,-19.2199,-19.106,-19.2018,-19.2789,-19.3702,-19.4782,-19.3241,-19.0723,-19.346,-19.36,-19.422,-19.1935,-19.2867,-19.2848,-19.0978,-19.3602,-19.2234,-19.2122,-19.1814,-19.148,-19.2325,-19.1809,-19.178,-19.146,-19.2093,-19.1973,-19.1771,-19.1732,-19.1395,-19.005,-19.1441,-19.2056,-18.9787,-18.8988,-19.0854,-19.0142,-18.7231,-18.8302,-19.0233,-19.0937,-18.9439,-18.7925,-18.7985,-18.7633,-18.6176,-18.9718,-19.039,-18.9306,-18.6926,-18.8786,-18.645,-18.7706,-18.441,-18.6673,-18.3305,-18.3775,-18.3889,-18.1014,-17.7966,-17.5385,-17.0221,-16.4536,-15.5119,-14.6631,-13.5953,-13.1969,-12.927,-12.5702,-12.7037,-12.4238,-12.454,-12.4485,-12.4584,-12.5436,-12.482,-12.2659,-12.2332,-12.3822,-12.32,-12.1272,-12.0638,-12.094,-11.6489,-11.5873,-11.5068,-11.2737,-11.0033,-10.703
218,-19.5732,-19.5179,-19.5771,-19.3983,-19.3474,-19.4365,-19.4674,-19.5841,-19.6763,-19.5642,-19.3198,-19.5278,-19.478,-19.6408,-19.3746,-19.5209,-19.5394,-19.3039,-19.5671,-19.4909,-19.3658,-19.2914,-19.453,-19.2906,-19.3895,-19.5361,-19.4563,-19.4498,-19.4952,-19.4058,-19.4135,-19.333,-19.1979,-19.3288,-19.4743,-19.1707,-19.298,-19.2018,-19.26,-19.0561,-19.0516,-19.296,-19.2848,-19.2044,-19.0301,-19.057,-19.1342,-18.9975,-19.328,-19.2537,-19.2743,-18.9442,-19.1432,-18.9325,-19.0052,-18.6585,-19.0513,-18.5108,-18.6173,-18.604,-18.4016,-18.0965,-17.8275,-17.2978,-16.7507,-15.7848,-14.941,-13.887,-13.5544,-13.3756,-12.8377,-13.0365,-12.8272,-12.62,-12.6614,-12.668,-12.8245,-12.7634,-12.5905,-12.4187,-12.6256,-12.5452,-12.4602,-12.3092,-12.2205,-11.9208,-11.9918,-11.7105,-11.5275,-11.0735,-11.0367
217,-19.6446,-19.6417,-19.6536,-19.6898,-19.5585,-19.6219,-19.5803,-19.7727,-19.8252,-19.6498,-19.6923,-19.6609,-19.6017,-19.8143,-19.6385,-19.6479,-19.6856,-19.5076,-19.7514,-19.7711,-19.5324,-19.4764,-19.4978,-19.5027,-19.6264,-19.6864,-19.6404,-19.5647,-19.69,-19.6622,-19.7017,-19.5114,-19.3913,-19.5253,-19.6917,-19.4433,-19.5215,-19.3301,-19.47,-19.1663,-19.2781,-19.5592,-19.3767,-19.3956,-19.2477,-19.3281,-19.4016,-19.2715,-19.6196,-19.4201,-19.4637,-19.1738,-19.3306,-19.1271,-19.2263,-19.0232,-19.3274,-18.7716,-18.7721,-18.9043,-18.5981,-18.3591,-18.1026,-17.5635,-16.9432,-16.1837,-15.1469,-14.0986,-13.8576,-13.8023,-13.1015,-13.2231,-13.1889,-12.9736,-12.9779,-12.9084,-13.0745,-12.9401,-12.9102,-12.5834,-12.7717,-12.6857,-12.718,-12.4634,-12.328,-12.2063,-12.0716,-11.884,-11.6887,-11.2078,-11.148
216,-19.6483,-19.8874,-19.8229,-19.8851,-19.7634,-19.9376,-19.7146,-20.0042,-20.0395,-19.8822,-20.0666,-19.8585,-19.9067,-19.996,-19.6397,-19.9607,-19.9389,-19.7536,-19.9695,-19.836,-19.6749,-19.8222,-19.8406,-19.6643,-19.7642,-19.9242,-19.8683,-19.7722,-19.8277,-19.8406,-19.9304,-19.6867,-19.5968,-19.7844,-19.8201,-19.644,-19.7541,-19.6209,-19.6374,-19.4886,-19.504,-19.7354,-19.46,-19.6218,-19.4548,-19.6607,-19.6029,-19.5953,-19.8214,-19.6141,-19.6317,-19.4717,-19.6011,-19.4275,-19.4709,-19.3472,-19.6561,-19.0197,-19.0865,-19.1912,-18.9502,-18.5363,-18.3591,-17.8283,-17.2183,-16.4081,-15.4628,-14.3897,-14.2166,-14.1462,-13.3664,-13.6062,-13.3456,-13.1571,-13.2837,-13.2648,-13.2712,-13.2842,-12.9456,-12.8325,-12.9492,-12.8063,-12.8802,-12.6572,-12.5412,-12.4673,-12.2744,-11.9807,-11.7069,-11.4657,-11.2808
215,-19.8048,-20.1294,-20.0247,-20.1073,-20.0067,-20.2232,-20.0207,-20.1394,-20.1602,-20.0989,-20.3199,-20.068,-20.1491,-20.2105,-19.9792,-20.1989,-20.1312,-20.1078,-20.2576,-20.0712,-19.9303,-20.0176,-20.0724,-19.8693,-20.0273,-20.2355,-20.0795,-19.9413,-20.1157,-20.124,-20.1113,-19.9347,-19.8,-20.0548,-20.0318,-19.9086,-19.956,-19.9122,-19.8207,-19.7627,-19.7387,-19.9229,-19.6571,-19.8741,-19.8605,-19.8465,-19.797,-19.8001,-20.1968,-19.8487,-19.8108,-19.8624,-19.773,-19.7631,-19.8423,-19.6173,-19.8423,-19.2405,-19.3175,-19.4129,-19.1345,-18.9086,-18.6042,-18.1399,-17.5756,-16.7552,-15.7525,-14.9302,-14.5548,-14.286,-13.7732,-13.817,-13.6801,-13.3594,-13.5292,-13.5658,-13.6115,-13.4901,-13.1146,-12.977,-13.1809,-12.9994,-12.9696,-12.7765,-12.5937,-12.5544,-12.4011,-12.0804,-11.8176,-11.5798,-11.4576
214,-20.1599,-20.5132,-20.3685,-20.4023,-20.3464,-20.4272,-20.2334,-20.3852,-20.3313,-20.3623,-20.6053,-20.4539,-20.4568,-20.5843,-20.244,-20.5482,-20.3815,-20.4335,-20.4982,-20.5277,-20.324,-20.358,-20.4308,-20.0595,-20.2883,-20.6525,-20.2996,-20.256,-20.3477,-20.4583,-20.5444,-20.2239,-20.2494,-20.3419,-20.3791,-20.1244,-20.2219,-20.2084,-20.0841,-20.1674,-19.9895,-20.2936,-20.0121,-20.2513,-20.2042,-20.1927,-20.173,-20.2535,-20.4232,-20.1735,-20.224,-20.2615,-20.1432,-20.0759,-20.0536,-20.0011,-20.1875,-19.7264,-19.6947,-19.678,-19.4947,-19.2593,-18.9627,-18.6121,-17.9041,-17.0425,-16.179,-15.2719,-14.9193,-14.5914,-14.1119,-14.0633,-14.0786,-13.6356,-13.8415,-13.8538,-13.8571,-13.6334,-13.4549,-13.2655,-13.3662,-13.1359,-13.2761,-12.8124,-12.7071,-12.6769,-12.5601,-12.2402,-11.9143,-11.6983,-11.5316
213,-20.7185,-20.8975,-20.7688,-20.7531,-20.9399,-20.9581,-20.6712,-20.8021,-20.6449,-20.7968,-21.038,-20.9339,-20.893,-20.9886,-20.7674,-20.8418,-20.6858,-20.998,-21.0447,-20.9761,-20.8422,-20.8971,-20.8766,-20.5208,-20.8155,-20.9612,-20.7916,-20.7279,-20.7155,-20.9106,-21.0051,-20.6457,-20.7549,-20.8071,-20.7963,-20.6887,-20.6168,-20.7715,-20.6247,-20.5541,-20.4454,-20.8473,-20.4566,-20.5932,-20.5658,-20.6369,-20.6436,-20.6252,-20.7359,-20.5777,-20.5977,-20.8927,-20.4903,-20.418,-20.5845,-20.7458,-20.56,-20.3502,-20.1701,-20.0552,-19.9545,-19.6585,-19.3739,-19.0463,-18.3709,-17.5648,-16.5529,-15.6894,-15.3877,-14.7559,-14.4242,-14.445,-14.4791,-14.0139,-14.1347,-14.1605,-14.0732,-13.8959,-13.8336,-13.473,-13.5844,-13.3567,-13.2397,-12.9409,-12.8373,-12.8349,-12.6955,-12.3262,-12.0302,-11.859,-11.682
212,-21.3936,-21.5545,-21.2114,-21.3425,-21.4468,-21.5038,-21.3138,-21.4892,-21.1907,-21.3499,-21.5527,-21.5146,-21.4292,-21.2792,-21.2881,-21.5261,-21.1539,-21.6255,-21.5511,-21.53,-21.3976,-21.3239,-21.5714,-21.2489,-21.3684,-21.5369,-21.4321,-21.3678,-21.2115,-21.4008,-21.586,-21.1905,-21.4687,-21.4497,-21.4477,-21.4505,-21.186,-21.4494,-21.1693,-21.2306,-21.0841,-21.4532,-21.0159,-21.1833,-21.1492,-21.2929,-21.2276,-21.2151,-21.2339,-21.2535,-21.1476,-21.5641,-21.1389,-21.1121,-21.1943,-21.3085,-21.1951,-21.0614,-20.8332,-20.7089,-20.471,-20.1999,-19.9909,-19.6102,-18.8822,-18.0867,-17.1255,-16.2425,-15.963,-15.2229,-14.9553,-14.8163,-14.6738,-14.3553,-14.6029,-14.3548,-14.344,-14.2309,-14.1578,-13.85,-13.918,-13.5781,-13.438,-13.1539,-13.1552,-13.0292,-12.7882,-12.4113,-12.3358,-12.0894,-11.9527
211,-22.2117,-22.2913,-22.016,-22.025,-22.2684,-22.1495,-22.1626,-22.2617,-22.0638,-22.1255,-22.2552,-22.3662,-22.2293,-21.9538,-22.1826,-22.2782,-21.8927,-22.3887,-22.2562,-22.4991,-22.2489,-22.0788,-22.343,-22.0114,-22.2382,-22.3426,-22.2778,-22.155,-21.9603,-22.1433,-22.2737,-22.0654,-22.1649,-22.1367,-22.2226,-22.2727,-21.8883,-22.2492,-21.7309,-22.0829,-21.7988,-22.2062,-21.7044,-21.841,-21.9851,-22.0183,-21.9516,-21.9813,-22.0831,-22.1077,-21.8728,-22.2701,-21.8379,-21.8491,-21.8386,-22.0838,-21.8508,-21.7623,-21.5683,-21.337,-21.1742,-21.0259,-20.5319,-20.3702,-19.5133,-18.7256,-17.8335,-16.8782,-16.4064,-15.5804,-15.5476,-15.3169,-15.2195,-14.8939,-14.9916,-14.7468,-14.9017,-14.5023,-14.4468,-14.3154,-14.2328,-13.9656,-13.61,-13.3809,-13.4976,-13.1845,-13.1081,-12.7053,-12.5424,-12.3011,-12.0679
210,-23.1938,-23.0921,-22.9571,-23.0421,-23.1286,-23.0572,-23.1072,-23.0923,-22.9704,-22.991,-23.2107,-23.2778,-23.0344,-22.8574,-23.1076,-23.1406,-22.8288,-23.1884,-23.1193,-23.3077,-23.2074,-23.0004,-23.2161,-23.0002,-23.1342,-23.0811,-23.0857,-23.0786,-22.7373,-23.1413,-23.1523,-23.0896,-22.9446,-22.8457,-23.0285,-23.001,-22.8491,-22.9076,-22.5757,-22.7654,-22.5007,-22.9778,-22.6207,-22.6756,-22.8502,-22.8033,-22.9811,-22.817,-23.005,-22.911,-22.5585,-23.1468,-22.7083,-22.7595,-22.6266,-22.7385,-22.6999,-22.4333,-22.4951,-22.2054,-21.9146,-21.7448,-21.3941,-21.1191,-20.0863,-19.5109,-18.4796,-17.6922,-17.1213,-16.1587,-16.2872,-15.9477,-16.0358,-15.7026,-15.512,-15.3948,-15.2549,-14.8717,-14.9354,-14.7952,-14.6789,-14.2931,-13.9154,-13.7545,-13.9806,-13.5093,-13.4344,-12.9965,-12.8798,-12.5302,-12.1759
209,-24.1219,-23.8757,-23.8045,-23.9235,-24.0478,-24.0304,-23.9523,-24.0619,-24.0397,-23.9224,-24.0149,-23.9866,-23.8075,-23.562,-23.9698,-23.9695,-23.9048,-24.0936,-23.8993,-24.1948,-24.1686,-23.8522,-24.3091,-23.9558,-24.1552,-23.9005,-23.9472,-23.9745,-23.7795,-24.0199,-23.8924,-23.899,-23.8658,-23.5501,-23.7757,-23.884,-23.8741,-23.6295,-23.4646,-23.446,-23.4565,-23.7794,-23.4631,-23.5222,-23.7307,-23.6309,-23.8047,-23.4913,-23.6689,-23.5426,-23.3629,-24.0983,-23.5743,-23.6463,-23.3214,-23.5396,-23.4409,-23.2978,-23.4175,-23.0611,-22.6288,-22.6222,-22.1558,-21.84,-21.0818,-20.3488,-19.2425,-18.4872,-17.9032,-16.9092,-17.0027,-16.8335,-16.7457,-16.399,-16.2199,-15.8838,-15.8189,-15.4394,-15.6571,-15.2706,-14.9719,-14.5533,-14.3989,-14.2421,-14.3715,-13.659,-13.8306,-13.3013,-13.224,-12.799,-12.3819
208,-24.8194,-24.4563,-24.7194,-24.7981,-24.8083,-24.8861,-24.5931,-24.7588,-24.885,-24.4515,-24.5417,-24.6754,-24.6042,-24.2169,-24.6507,-24.7458,-24.6856,-24.7969,-24.46,-24.9452,-24.8451,-24.7208,-25.0656,-24.6559,-24.8049,-24.6284,-24.5669,-24.5889,-24.4601,-24.8518,-24.4358,-24.6599,-24.4446,-24.2027,-24.3246,-24.3718,-24.6292,-24.3105,-24.0374,-24.0708,-23.9788,-24.2707,-24.1581,-24.0687,-24.5124,-24.3013,-24.4525,-24.1744,-24.2066,-24.1509,-23.8334,-24.6091,-24.2357,-24.4656,-24.0026,-24.0753,-24.0972,-23.8256,-24.0166,-23.7221,-23.2234,-23.047,-22.6466,-22.5013,-21.6551,-20.9917,-19.7436,-19.5061,-18.7447,-17.7931,-17.9126,-17.7322,-17.1532,-17.0097,-17.011,-16.6224,-16.565,-16.0225,-16.0124,-15.823,-15.1706,-15.0469,-14.7253,-14.7226,-14.6816,-13.9706,-13.9719,-13.7109,-13.4114,-13.0369,-12.7328
207,-25.1084,-24.8704,-25.3215,-25.2119,-24.9815,-25.3211,-25.0398,-25.2558,-25.3815,-24.9015,-24.8648,-25.0053,-25.035,-24.8743,-24.9259,-25.0404,-25.1021,-25.1713,-24.8356,-25.314,-25.3091,-25.3108,-25.2914,-24.8965,-25.2268,-24.8414,-24.851,-24.8303,-24.8215,-25.3869,-24.6631,-24.9398,-24.6391,-24.6684,-24.7401,-24.4918,-24.8868,-24.3086,-24.3193,-24.4391,-24.2144,-24.3732,-24.5142,-24.3398,-24.8337,-24.342,-24.9044,-24.4046,-24.6816,-24.4722,-24.0816,-24.81,-24.3665,-24.664,-24.2994,-24.2687,-24.0847,-23.8773,-24.2279,-24.1863,-23.4205,-23.3706,-22.9148,-22.7341,-22.3701,-21.7618,-20.4949,-20.2454,-19.5352,-18.5478,-18.9141,-18.5271,-18.0786,-17.7911,-17.7055,-17.362,-17.228,-16.4656,-16.56,-16.4188,-15.5932,-15.3038,-15.193,-15.1176,-15.2102,-14.0676,-14.4037,-14.2823,-13.6618,-13.3157,-13.1712
206,-25.0163,-24.7778,-25.1564,-24.8357,-24.6748,-25.0382,-24.7252,-24.8875,-25.2393,-24.8089,-24.5655,-24.6874,-24.8802,-24.8858,-24.8021,-24.7118,-24.9668,-24.7068,-24.7211,-25.2198,-24.8278,-25.0746,-25.1208,-24.6813,-24.97,-24.7362,-24.755,-24.5235,-24.9516,-25.1769,-24.5468,-24.8773,-24.2451,-24.1726,-24.5059,-24.1684,-24.5192,-23.9784,-24.201,-24.1965,-23.7147,-24.2995,-24.2564,-24.0363,-24.3795,-24.1182,-24.6775,-24.1856,-24.2764,-24.0299,-24.0003,-24.4284,-24.1815,-24.3959,-24.1228,-24.0446,-23.6769,-23.6959,-23.9062,-23.9917,-23.2604,-23.3078,-22.6006,-22.6167,-22.4497,-21.9313,-20.8841,-20.9643,-20.2642,-19.5311,-19.5162,-19.2251,-19.0418,-18.2594,-18.3911,-17.7859,-17.7788,-16.9599,-16.7878,-16.7416,-15.7119,-15.6383,-15.6245,-15.7058,-15.3413,-14.1049,-14.6781,-14.4353,-13.9188,-13.5603,-13.4102
205,-24.0955,-24.0429,-24.3359,-23.847,-23.7529,-23.9872,-23.7104,-24.0312,-24.2234,-23.9615,-23.8468,-23.8703,-24.19,-23.9555,-23.644,-23.7701,-23.9308,-24.107,-23.7685,-24.3183,-23.9496,-23.9633,-24.0425,-23.7454,-24.0026,-23.8942,-23.8552,-23.5849,-24.0066,-24.1392,-23.4187,-23.7645,-23.15,-23.4221,-23.48,-23.0101,-23.5534,-22.8946,-23.2468,-23.269,-22.7693,-23.3285,-23.1539,-23.0048,-22.9883,-23.1926,-23.7081,-23.1854,-23.2217,-23.0055,-23.0473,-23.2816,-23.1841,-23.2585,-23.0263,-23.3284,-22.9359,-23.0096,-22.9358,-23.1248,-22.8467,-22.5288,-22.0193,-22.2218,-22.1195,-21.7486,-21.0688,-21.1475,-20.845,-20.1257,-19.9901,-19.5831,-19.4603,-18.7667,-18.8026,-17.9441,-18.3725,-17.2807,-16.8204,-16.958,-15.8597,-15.9807,-15.957,-15.7844,-15.1747,-14.2646,-14.6918,-14.3933,-14.151,-13.5846,-13.692
204,-22.2494,-22.2774,-22.4856,-22.1146,-22.1094,-22.4336,-21.8678,-22.3271,-22.1366,-22.4651,-22.1448,-22.3476,-22.6281,-22.257,-22.0878,-22.1247,-21.9954,-22.3611,-21.987,-22.6731,-22.2006,-22.0517,-22.0795,-22.2672,-22.2176,-22.1662,-22.1981,-21.7694,-21.8863,-22.2567,-21.6486,-22.0489,-21.3903,-21.8298,-21.6141,-21.3415,-21.4289,-21.3027,-21.6262,-21.4137,-21.2476,-21.5607,-21.3259,-21.0553,-21.1216,-21.4066,-21.9083,-21.1864,-21.4452,-21.1872,-21.3954,-21.3195,-21.4262,-21.3696,-21.3645,-21.701,-21.4359,-21.4093,-21.4564,-21.2553,-21.2253,-20.9559,-20.6475,-20.8818,-21.1533,-21.0199,-20.7775,-20.9928,-20.9589,-20.6509,-20.1456,-19.86,-19.6127,-18.6605,-19.0852,-18.2787,-18.1614,-17.3561,-16.2811,-16.8741,-15.7738,-15.9924,-16.1564,-15.956,-15.3397,-14.1897,-14.1291,-14.0452,-13.9205,-13.4466,-13.6968
203,-19.7151,-19.813,-19.9596,-19.5976,-19.48,-19.5321,-19.5055,-19.6771,-19.4296,-20.0926,-19.7273,-19.9869,-19.9593,-19.5095,-19.3695,-19.522,-19.0736,-19.7361,-19.5526,-19.7973,-19.2826,-19.5357,-19.3236,-19.6712,-19.4549,-19.3808,-19.4974,-19.1293,-19.0639,-19.6767,-19.1273,-19.3945,-18.2741,-19.2808,-19.1763,-18.6015,-18.6442,-18.6689,-18.8294,-18.8395,-18.6919,-18.9982,-18.5517,-18.3876,-18.3777,-18.8306,-19.2566,-18.3351,-18.5917,-18.8629,-19.1759,-18.6488,-19.195,-18.7428,-18.7833,-19.4768,-19.177,-18.7627,-18.6862,-19.1464,-19.1319,-19.0569,-18.6557,-19.0653,-19.5244,-20.3205,-20.465,-20.6698,-20.9418,-20.3342,-19.7603,-19.7569,-19.6047,-18.6584,-18.7196,-17.9779,-18.2659,-17.3597,-15.9339,-16.8142,-15.9673,-15.9769,-16.2248,-15.5443,-14.7947,-13.9666,-13.7906,-14.0225,-13.2403,-12.8999,-13.3709
202,-15.917,-16.4086,-16.3412,-15.9513,-15.8294,-15.8538,-15.8579,-15.8926,-16.062,-16.6207,-16.1625,-16.4429,-16.398,-15.9958,-15.5889,-15.7525,-15.2974,-15.7953,-15.7756,-16.1828,-15.8363,-15.612,-15.6066,-16.1229,-15.8356,-15.9461,-15.8156,-15.4268,-15.2554,-16.1369,-15.4146,-15.7957,-15.0015,-15.7292,-15.6877,-15.1123,-15.0773,-15.0749,-15.4862,-15.4373,-15.2669,-15.3203,-15.1873,-14.5594,-14.8244,-15.3255,-15.4567,-14.903,-14.9088,-15.2975,-15.2476,-15.4515,-15.8759,-15.0941,-15.0143,-16.2141,-15.9837,-15.4342,-15.4198,-15.8611,-16.2583,-16.0941,-16.0869,-16.3799,-17.3966,-18.6281,-19.2738,-19.7885,-19.919,-19.7577,-19.5762,-19.444,-19.3823,-17.6253,-18.4551,-17.4368,-17.646,-16.5316,-15.5464,-15.7481,-15.2339,-14.7869,-15.4956,-14.5748,-13.5309,-13.5415,-13.3796,-13.1446,-12.9297,-12.2298,-12.7336
201,-11.4614,-11.855,-11.8541,-11.3891,-10.9672,-10.7772,-11.4348,-11.0138,-11.1728,-11.873,-11.7386,-12.0228,-11.9873,-11.0789,-11.0875,-11.1202,-10.5557,-11.4176,-11.0589,-11.291,-11.1497,-10.7292,-10.7486,-11.5539,-10.8492,-11.1357,-11.1953,-11.132,-10.9827,-11.5781,-10.6718,-10.3642,-10.3721,-11.6223,-10.811,-10.4858,-10.5774,-10.6458,-11.0435,-10.4783,-10.95,-10.9184,-10.7371,-10.1127,-10.6171,-10.7455,-10.5771,-10.1169,-10.0375,-10.6617,-10.9211,-11.2315,-11.4127,-10.984,-10.5879,-11.7893,-11.7121,-11.3992,-11.2708,-11.434,-12.2769,-12.2849,-12.1779,-13.3409,-14.2169,-15.9473,-17.6105,-18.4685,-18.9478,-18.348,-18.6482,-18.0873,-18.1102,-17.0772,-17.3581,-15.9971,-16.0786,-15.9699,-14.5969,-14.5866,-14.0305,-13.1469,-14.7201,-13.7369,-12.5552,-12.6669,-13.1021,-11.5834,-11.5491,-11.2708,-11.5385
200,-5.3916,-6.34858,-6.67549,-5.52461,-5.72913,-5.72939,-6.21732,-5.38766,-5.9051,-6.01999,-6.23862,-6.6137,-6.09192,-5.82041,-5.248,-5.43683,-4.99439,-5.12072,-5.60758,-5.89264,-5.69426,-5.40203,-5.27888,-5.82743,-5.45461,-5.12014,-5.71671,-5.30677,-5.55034,-5.61965,-5.34013,-4.95171,-5.13278,-5.96757,-4.83061,-5.09058,-5.1206,-5.35345,-5.97859,-5.25473,-5.88321,-5.77767,-5.75331,-4.88405,-5.47139,-5.16605,-5.118,-4.16528,-4.77986,-5.57449,-5.06725,-5.96355,-6.20478,-6.30118,-5.73671,-6.41155,-6.83026,-6.238,-6.12922,-6.53487,-7.25572,-7.50599,-8.36054,-9.3486,-10.8779,-13.5447,-15.4509,-16.5744,-17.4743,-17.2686,-17.7788,-16.564,-16.5488,-15.7137,-16.1711,-15.058,-13.6923,-13.8485,-13.1442,-13.2065,-12.7274,-11.805,-12.7785,-11.8722,-11.2543,-12.1048,-12.3004,-10.2039,-11.0087,-10.155,-9.85876
199,0.989391,-0.169293,-0.62044,0.579203,0.842688,0.672011,-0.129505,0.792044,0.23764,0.304508,-0.00507326,-0.00280352,0.452123,0.223984,1.16371,0.962795,1.31486,0.935194,0.553744,0.720639,0.555975,0.225169,0.93753,0.397294,0.397489,1.31592,0.824292,1.15496,1.05186,0.848314,0.365738,1.35667,1.21277,0.36906,1.45431,0.72966,0.739887,0.981266,-0.0878773,0.616036,0.620273,0.980321,-0.382157,1.13844,0.315442,0.51845,1.53336,1.8639,0.550465,0.143185,1.28425,0.0609077,0.238493,-0.0995168,0.099841,-1.03614,-1.63827,-0.226452,0.12216,-0.677893,-1.2516,-2.26645,-3.62297,-4.26504,-7.4483,-10.3908,-12.7503,-13.2978,-15.6572,-14.4943,-16.5473,-14.7983,-14.5136,-14.3407,-14.2555,-12.9488,-11.9545,-12.3394,-11.34,-11.7418,-10.2617,-10.292,-10.4273,-10.2706,-9.41512,-10.7375,-10.6847,-9.38592,-10.2546,-8.60827,-8.34537
198,7.924,6.225,6.02896,7.65129,8.15223,7.19673,6.64456,7.12901,6.91541,7.04323,7.12971,7.5632,6.55251,7.07558,8.059,7.92064,7.65255,7.90909,7.45419,6.78581,7.57881,7.81992,7.94687,7.98061,7.10694,7.15253,7.72045,7.64702,7.41766,7.7828,7.79531,7.85058,8.03641,7.30687,7.25212,6.97119,7.24182,7.9208,5.76362,6.42906,7.29256,7.84511,6.39937,8.06645,7.38904,6.86102,8.57718,7.60924,5.94269,6.55205,7.54154,5.54931,7.2459,6.81656,5.98457,4.81539,4.57042,5.55991,5.68486,5.03541,4.01338,4.31169,2.20325,0.480966,-2.57258,-6.55128,-9.77488,-10.1427,-12.337,-12.5122,-14.7583,-12.6499,-12.2029,-11.1643,-12.5115,-11.5579,-9.86322,-8.28211,-9.47725,-8.73458,-8.13172,-6.48438,-6.27017,-7.26368,-6.31761,-9.16508,-9.29995,-5.75367,-8.76685,-7.82723,-5.98261
197,13.7179,13.4967,12.8899,14.1318,14.3148,13.4802,12.5997,12.9248,13.2645,13.7248,13.4812,14.0651,13.2883,14.1506,14.5847,14.0231,14.3183,14.0572,14.213,12.9864,13.9949,14.3309,14.5316,14.3028,13.5096,14.2142,13.2577,14.0257,13.9951,14.5167,13.887,14.6259,14.7519,14.3147,13.3994,12.4366,12.2832,14.6773,12.0377,11.7131,13.5483,14.5372,12.4397,12.9512,14.1229,13.6565,14.3797,14.2262,12.9958,13.0145,12.8021,12.2405,12.9144,12.3843,12.5294,10.698,12.6367,12.0822,12.0797,11.1083,11.3339,9.21926,6.95268,5.34426,2.20604,-1.8533,-6.12708,-5.93362,-8.44576,-10.369,-11.673,-8.11654,-9.79065,-9.92027,-9.14662,-8.33801,-6.67935,-4.8995,-7.28764,-4.23,-6.9791,-4.2855,-2.10003,-4.67287,-5.73049,-5.86903,-6.24453,-0.431437,-7.30405,-2.09847,-0.667448
196,19.8403,19.3918,18.8359,19.7465,19.403,18.759,18.8261,18.5202,18.7751,19.8759,19.7814,19.5865,19.3333,20.1821,21.0146,19.6313,20.2603,20.5474,20.1305,18.547,20.1971,20.4938,19.9851,21.455,19.8437,20.2225,18.6678,19.9049,19.6922,21.1636,19.8328,20.0159,21.0814,19.938,18.2338,18.8676,18.6923,20.0837,18.6464,16.5887,19.8791,20.8689,16.9172,18.7023,20.4909,18.751,19.8702,19.9163,18.3673,18.1738,17.9957,18.0023,18.2229,19.3958,18.062,15.2711,17.8172,17.7517,18.1169,17.0796,16.2169,14.7859,10.9107,10.6301,5.05112,3.65209,-0.866992,-3.95985,-3.88716,-7.58027,-7.98819,-5.34576,-8.98327,-6.351,-6.93053,-7.90878,-3.08583,-2.95803,-4.71751,1.94786,-5.82952,-1.31794,0.274927,-2.03591,-3.46774,-2.9613,-0.257454,2.9024,-4.5453,-1.99575,0.879128
195,24.7996,25.2084,24.0876,24.5254,25.0281,23.5092,24.9669,24.4213,23.331,25.2942,25.4698,25.673,25.2991,26.2092,26.1394,24.0478,24.5968,25.596,25.1763,24.6095,24.6727,26.7265,23.9507,26.3244,25.6921,24.7052,23.8641,24.4457,25.7008,25.2712,25.1234,23.2108,25.9104,24.8348,21.8571,24.437,24.4625,24.6992,23.6895,22.984,25.0016,26.4075,22.1879,23.7548,25.7994,22.7822,24.7197,22.9103,23.455,23.7189,24.6423,23.7452,21.9464,25.0124,22.4034,18.4367,24.1363,22,24.3729,19.2654,20.2795,16.8135,12.9618,14.2264,9.52788,5.57836,1.17415,2.43752,2.85373,-2.26381,-3.31501,0.0598619,-6.96496,0.685479,-9.16589,-7.10911,0.111307,4.4798,-7.65217,4.05926,-7.33979,4.71449,-1.31407,-3.17518,-0.866168,1.34218,4.15421,3.83293,-6.2706,-2.32636,4.20067
Channel 2
,5.01,6.07,7.05,8.01,9.01,10.05,10.98,12.1,12.99,13.97,14.99,15.92,17.07,17.97,19.01,20.05,20.94,22,23,24.01,25.01,26.05,26.97,27.98,29.07,29.97,30.86,31.99,33.01,34,35.03,35.99,36.92,37.95,39.09,40.04,41.03,41.87,43.1,44.04,44.88,45.9,46.91,48.12,49.02,49.91,50.9,51.96,52.99,53.95,55.11,56,56.93,57.89,58.85,59.85,61.18,61.86,63.01,64.12,64.98,65.91,67,67.95,69.18,69.95,71.11,71.86,72.96,73.97,74.88,75.9,77.02,77.94,79.09,79.73,81.06,81.86,82.91,84.05,84.78,86.05,86.66,88.12,89.08,89.92,91.06,91.79,92.86,94.07,94.89
250,0.0452193,0.0472163,0.0744949,0.0738626,0.0616941,0.00202341,0.0290821,0.0722688,0.120051,0.0476006,0.052924,0.0218156,-0.0191881,-0.0159732,0.0533852,-0.0381312,0.0203807,-0.00301056,0.00041275,-0.0431352,-0.000428295,0.0365366,0.0539432,0.000415897,-0.0347899,-0.0495146,-0.0379621,0.00271206,-0.0483832,0.035794,-0.0801809,-0.0731929,-0.101624,-0.0682136,-0.099465,-0.0398164,-0.0786779,-0.111602,-0.0807688,-0.0713034,-0.0168051,-0.0566604,-0.107599,-0.106158,-0.158938,-0.0530295,-0.17542,-0.112247,-0.104763,-0.0731531,-0.101454,-0.058761,-0.0787351,-0.0866263,-0.112498,-0.141909,-0.175854,-0.115511,-0.126605,-0.124735,-0.127848,-0.131231,-0.139843,-0.0308262,-0.0527495,-0.0325093,0.0132379,0.0214867,0.0907133,0.10094,0.100863,0.101753,0.130006,0.107611,0.138431,0.0873746,0.0410137,0.069863,0.0678471,0.0677134,0.158195,0.0419751,0.0805512,0.0678929,0.116214,0.085672,0.0490695,0.0471447,0.0984304,0.0941431,0.0724588
249,-0.00373898,0.0441856,0.0112924,0.0392692,0.03193,-0.0711531,-0.0456015,0.025389,-0.000664043,-0.02354,0.0192368,-0.0199917,-0.062972,-0.0614656,0.0122656,-0.112369,-0.0570652,-0.0729552,-0.0771845,-0.0906954,-0.00875282,-0.0206627,-0.0485816,-0.0946182,-0.100397,-0.144559,-0.13092,-0.0590975,-0.0928005,-0.0187298,-0.133946,-0.0741649,-0.145271,-0.147405,-0.168794,-0.119647,-0.0977736,-0.133068,-0.128833,-0.103603,-0.0948687,-0.118006,-0.194229,-0.173274,-0.215459,-0.134592,-0.219918,-0.170428,-0.15893,-0.179005,-0.171888,-0.144729,-0.170845,-0.136039,-0.214709,-0.205001,-0.218495,-0.213983,-0.200394,-0.187324,-0.224279,-0.191833,-0.212197,-0.0954039,-0.0927744,-0.0836809,-0.0578933,-0.0305162,-0.0152868,-0.0191895,0.0297973,0.01969,0.00239058,0.0086524,0.0219259,0.0255264,-0.022185,0.0101861,-0.00598431,0.0450896,0.0749065,-0.0469557,0.00372705,-0.00714169,0.0502133,-0.00554876,-0.0553748,-0.0519655,0.0323815,0.0293373,-0.00972757
248,-0.0855318,0.0218746,-0.0692718,-0.0678978,-0.061097,-0.107066,-0.0947495,-0.0691236,-0.0913956,-0.0801423,-0.0244903,-0.101391,-0.110462,-0.0979259,-0.0556854,-0.19522,-0.137373,-0.175633,-0.137469,-0.1503,-0.060183,-0.114457,-0.133803,-0.157887,-0.206962,-0.220131,-0.173327,-0.143566,-0.19822,-0.127727,-0.20612,-0.137263,-0.243584,-0.22536,-0.220683,-0.172017,-0.139014,-0.213826,-0.234481,-0.21341,-0.202321,-0.186802,-0.253671,-0.23204,-0.298196,-0.191958,-0.250673,-0.244563,-0.232794,-0.248424,-0.271871,-0.225503,-0.23415,-0.209854,-0.319048,-0.279611,-0.257156,-0.311954,-0.280932,-0.267698,-0.331451,-0.282494,-0.30491,-0.176759,-0.167118,-0.167834,-0.121215,-0.120304,-0.0752966,-0.160852,-0.0911492,-0.075258,-0.118049,-0.0901259,-0.0641887,-0.0767284,-0.119414,-0.0838817,-0.0763413,-0.04543,-0.0789983,-0.0820196,-0.0759289,-0.082264,-0.0942513,-0.133191,-0.167049,-0.175365,-0.115066,-0.0619475,-0.140479
247,-0.166892,-0.0667364,-0.185491,-0.169554,-0.132929,-0.196745,-0.171067,-0.149897,-0.193083,-0.156207,-0.126676,-0.113667,-0.183771,-0.198529,-0.144177,-0.272828,-0.229119,-0.267143,-0.250782,-0.241578,-0.159882,-0.220052,-0.239064,-0.221064,-0.287183,-0.26447,-0.28824,-0.215131,-0.308857,-0.236927,-0.28435,-0.217041,-0.329253,-0.323919,-0.29288,-0.21828,-0.246736,-0.304909,-0.338923,-0.301916,-0.271198,-0.297549,-0.38148,-0.332746,-0.417458,-0.290669,-0.299378,-0.345542,-0.336311,-0.367824,-0.358744,-0.35245,-0.330172,-0.294835,-0.424508,-0.378449,-0.332325,-0.417988,-0.362157,-0.386053,-0.432232,-0.398124,-0.379701,-0.282721,-0.259883,-0.234109,-0.219718,-0.244261,-0.183464,-0.233241,-0.168975,-0.169713,-0.212073,-0.169417,-0.184851,-0.164392,-0.245294,-0.209007,-0.161559,-0.143913,-0.193196,-0.2254,-0.184953,-0.18892,-0.177441,-0.235574,-0.259484,-0.258682,-0.209785,-0.200491,-0.228471
246,-0.247629,-0.206735,-0.30868,-0.258933,-0.254712,-0.265635,-0.281055,-0.282568,-0.298838,-0.228658,-0.207528,-0.186227,-0.278777,-0.32989,-0.241067,-0.337847,-0.331433,-0.342442,-0.370819,-0.338513,-0.257585,-0.361576,-0.370997,-0.342322,-0.394187,-0.370391,-0.371953,-0.358343,-0.410101,-0.342696,-0.426929,-0.333117,-0.426745,-0.404934,-0.399905,-0.36211,-0.365133,-0.400075,-0.510266,-0.39493,-0.370271,-0.418594,-0.507956,-0.458822,-0.525107,-0.42967,-0.408012,-0.463482,-0.486882,-0.466983,-0.489872,-0.479071,-0.493936,-0.431834,-0.541992,-0.506581,-0.433967,-0.527948,-0.49823,-0.51134,-0.549223,-0.497793,-0.529835,-0.433548,-0.408388,-0.411737,-0.338808,-0.34636,-0.320113,-0.350872,-0.324802,-0.281051,-0.331601,-0.338114,-0.346463,-0.319381,-0.370851,-0.342161,-0.283205,-0.276575,-0.354166,-0.353207,-0.330382,-0.343769,-0.313603,-0.327227,-0.396743,-0.390405,-0.349854,-0.34479,-0.381262
245,-0.365568,-0.336709,-0.44083,-0.34192,-0.369885,-0.392301,-0.419902,-0.41399,-0.460792,-0.34699,-0.32067,-0.356561,-0.376169,-0.467697,-0.399381,-0.43872,-0.499205,-0.465415,-0.494931,-0.528883,-0.375203,-0.509688,-0.491291,-0.495428,-0.509154,-0.499295,-0.551222,-0.492667,-0.545662,-0.497567,-0.542757,-0.478485,-0.563437,-0.546394,-0.522985,-0.546332,-0.574877,-0.534227,-0.648009,-0.562513,-0.554945,-0.609391,-0.632746,-0.61502,-0.652457,-0.564843,-0.574433,-0.614717,-0.664272,-0.5845,-0.639876,-0.672609,-0.639938,-0.606419,-0.640204,-0.667541,-0.585092,-0.704166,-0.647195,-0.657342,-0.710619,-0.697805,-0.733536,-0.61284,-0.565195,-0.563978,-0.495757,-0.462038,-0.506739,-0.494627,-0.462205,-0.427637,-0.436379,-0.530469,-0.500287,-0.476213,-0.522176,-0.48461,-0.410086,-0.464324,-0.538015,-0.494534,-0.514335,-0.489542,-0.48801,-0.450862,-0.544152,-0.525629,-0.468401,-0.485109,-0.494993
244,-0.513938,-0.505926,-0.592161,-0.516416,-0.558744,-0.555116,-0.528941,-0.585724,-0.599116,-0.477382,-0.482157,-0.519762,-0.523144,-0.585031,-0.606551,-0.559875,-0.605961,-0.621564,-0.662491,-0.70587,-0.566951,-0.664884,-0.628615,-0.682678,-0.709346,-0.690815,-0.690471,-0.661393,-0.754306,-0.712602,-0.730639,-0.674254,-0.729887,-0.743755,-0.70533,-0.726836,-0.739312,-0.733078,-0.773713,-0.786911,-0.726065,-0.785043,-0.789203,-0.777937,-0.790672,-0.72131,-0.744443,-0.817291,-0.861962,-0.790552,-0.827916,-0.839401,-0.830442,-0.791427,-0.840323,-0.85342,-0.779027,-0.917679,-0.846225,-0.824643,-0.82929,-0.952853,-0.949896,-0.789377,-0.773723,-0.728055,-0.717221,-0.666806,-0.667232,-0.592687,-0.667462,-0.582716,-0.587536,-0.685764,-0.682609,-0.657811,-0.693239,-0.684016,-0.579027,-0.62482,-0.722028,-0.733825,-0.723044,-0.665534,-0.652669,-0.63759,-0.733856,-0.710155,-0.680733,-0.632836,-0.721734
243,-0.705332,-0.727804,-0.773649,-0.762973,-0.746672,-0.76553,-0.744334,-0.79958,-0.813695,-0.725941,-0.69298,-0.71004,-0.734754,-0.784676,-0.863836,-0.745988,-0.774311,-0.809105,-0.872921,-0.93058,-0.819727,-0.842921,-0.799516,-0.879216,-0.86193,-0.909319,-0.901016,-0.889827,-0.983262,-0.930129,-0.964173,-0.910837,-0.936213,-0.983103,-0.869807,-0.966701,-0.98858,-0.961114,-0.947927,-1.02741,-0.978644,-0.99696,-1.00624,-0.983029,-0.989219,-0.964286,-0.983865,-1.02253,-1.08421,-1.02478,-1.05241,-1.0682,-1.04341,-1.01808,-1.07725,-1.05972,-1.03131,-1.13572,-1.07783,-1.06846,-1.05158,-1.17724,-1.14796,-1.00394,-1.00944,-0.943948,-0.925363,-0.913722,-0.888578,-0.798341,-0.878221,-0.774758,-0.775481,-0.879641,-0.861991,-0.901368,-0.901531,-0.891217,-0.816207,-0.903649,-0.917033,-0.955095,-0.950505,-0.886958,-0.836772,-0.843222,-0.947488,-0.913406,-0.844431,-0.863665,-0.920184
242,-0.922345,-1.00473,-1.01543,-1.00577,-0.996334,-0.99595,-1.02069,-1.04197,-1.05514,-1.00879,-0.974222,-1.00629,-0.973306,-1.08151,-1.14289,-1.01926,-1.06391,-1.06906,-1.15856,-1.16711,-1.11647,-1.0986,-1.03699,-1.17489,-1.11789,-1.20721,-1.15698,-1.21923,-1.22675,-1.20589,-1.24638,-1.15964,-1.17852,-1.28169,-1.12726,-1.22784,-1.23666,-1.27064,-1.22019,-1.30077,-1.21893,-1.28953,-1.29033,-1.26815,-1.25022,-1.27455,-1.2469,-1.3088,-1.32677,-1.29964,-1.33936,-1.33086,-1.31088,-1.31712,-1.32203,-1.35141,-1.39335,-1.45085,-1.36303,-1.36847,-1.34338,-1.43349,-1.46204,-1.29752,-1.30515,-1.26488,-1.18187,-1.20118,-1.16509,-1.06758,-1.1643,-0.994886,-0.99808,-1.16533,-1.16516,-1.16325,-1.10807,-1.14255,-1.09949,-1.16724,-1.18845,-1.15962,-1.18506,-1.11351,-1.10688,-1.14903,-1.21589,-1.21039,-1.07182,-1.09543,-1.13753
241,-1.25798,-1.27578,-1.2738,-1.34575,-1.29994,-1.34867,-1.3377,-1.371,-1.3917,-1.32636,-1.31234,-1.34535,-1.29778,-1.40385,-1.48048,-1.36197,-1.37528,-1.42905,-1.47578,-1.46659,-1.46426,-1.4572,-1.36534,-1.51378,-1.43556,-1.57934,-1.49024,-1.60163,-1.52793,-1.53356,-1.57491,-1.4814,-1.51532,-1.62608,-1.50426,-1.59562,-1.58596,-1.60359,-1.52708,-1.63021,-1.6407,-1.64487,-1.62328,-1.57779,-1.59821,-1.61802,-1.63512,-1.61663,-1.67261,-1.63192,-1.71077,-1.65942,-1.66431,-1.68188,-1.71644,-1.68885,-1.74018,-1.82398,-1.73989,-1.72577,-1.69017,-1.82582,-1.79351,-1.65165,-1.6387,-1.5752,-1.48394,-1.49381,-1.49012,-1.37537,-1.46782,-1.32605,-1.27434,-1.44181,-1.40303,-1.42027,-1.40775,-1.45876,-1.40534,-1.42349,-1.52772,-1.40445,-1.46803,-1.44479,-1.39688,-1.47656,-1.49694,-1.50457,-1.35961,-1.3697,-1.40834
240,-1.68256,-1.62487,-1.66777,-1.78629,-1.72068,-1.7654,-1.72294,-1.73665,-1.81918,-1.80086,-1.73838,-1.74646,-1.74525,-1.8331,-1.88311,-1.79749,-1.75766,-1.85318,-1.87961,-1.83705,-1.9451,-1.87962,-1.83218,-1.8793,-1.85294,-1.97657,-1.913,-2.00721,-1.98991,-1.96866,-2.0192,-1.90657,-1.88587,-2.04291,-1.96137,-1.99345,-1.98605,-1.97467,-1.94763,-2.02408,-2.05043,-2.04471,-2.1042,-2.00533,-2.08431,-2.05729,-2.09469,-2.06292,-2.09592,-2.10573,-2.14504,-2.07636,-2.06136,-2.1353,-2.20572,-2.16725,-2.16564,-2.28104,-2.18673,-2.19138,-2.11959,-2.23749,-2.16307,-2.02728,-2.00885,-1.99046,-1.90946,-1.85757,-1.79363,-1.73828,-1.78943,-1.68567,-1.6239,-1.76557,-1.74044,-1.75876,-1.67337,-1.77788,-1.75327,-1.7715,-1.86747,-1.67161,-1.76917,-1.74307,-1.68668,-1.82454,-1.7922,-1.85185,-1.73745,-1.68494,-1.76412
239,-2.19083,-2.14521,-2.18968,-2.33896,-2.20933,-2.21002,-2.21695,-2.22655,-2.36528,-2.33059,-2.25527,-2.22397,-2.24996,-2.3843,-2.40278,-2.30928,-2.32523,-2.38152,-2.37758,-2.35768,-2.48774,-2.396,-2.33966,-2.3886,-2.36954,-2.5174,-2.43901,-2.53976,-2.51902,-2.46301,-2.57033,-2.42917,-2.41667,-2.55939,-2.46622,-2.51429,-2.52828,-2.55316,-2.50887,-2.52264,-2.60525,-2.52787,-2.63824,-2.49668,-2.66304,-2.63187,-2.61107,-2.58875,-2.62718,-2.61437,-2.64381,-2.60373,-2.63044,-2.68951,-2.71523,-2.70187,-2.65525,-2.81913,-2.73389,-2.78265,-2.69203,-2.73564,-2.64812,-2.54485,-2.49389,-2.44329,-2.34561,-2.24272,-2.18552,-2.16431,-2.12539,-2.07649,-1.96561,-2.13074,-2.09114,-2.12018,-2.052,-2.14147,-2.10857,-2.15025,-2.19723,-2.03079,-2.10229,-2.05879,-2.06551,-2.14918,-2.13064,-2.22476,-2.07482,-2.068,-2.05587
238,-2.82024,-2.78996,-2.83591,-2.93249,-2.82806,-2.82825,-2.88352,-2.83641,-3.00145,-2.95548,-2.87921,-2.89145,-2.90423,-3.03299,-2.99485,-2.99923,-2.9973,-3.00329,-3.03931,-2.92061,-3.13887,-3.02829,-3.03874,-3.09353,-3.03915,-3.11212,-3.08384,-3.23112,-3.13899,-3.14199,-3.19257,-3.07415,-3.08727,-3.18865,-3.16257,-3.12641,-3.19783,-3.15523,-3.20118,-3.13725,-3.24704,-3.15357,-3.30023,-3.18149,-3.30162,-3.26899,-3.25439,-3.26879,-3.23298,-3.26626,-3.27344,-3.28219,-3.27759,-3.3659,-3.37544,-3.37633,-3.28271,-3.45429,-3.39305,-3.41525,-3.30889,-3.31067,-3.27969,-3.18437,-3.04965,-2.97032,-2.83914,-2.63835,-2.59169,-2.61524,-2.4999,-2.49514,-2.39016,-2.51835,-2.50149,-2.55597,-2.49376,-2.55725,-2.50943,-2.56099,-2.60182,-2.39041,-2.48416,-2.45558,-2.4617,-2.55413,-2.49803,-2.55416,-2.45952,-2.38012,-2.39388
237,-3.63382,-3.52737,-3.58376,-3.67742,-3.58047,-3.64021,-3.63621,-3.62433,-3.792,-3.72143,-3.67542,-3.66385,-3.68182,-3.81853,-3.7617,-3.76215,-3.77645,-3.79289,-3.8242,-3.67737,-3.94483,-3.84652,-3.82083,-3.86012,-3.82088,-3.89096,-3.86677,-4.01302,-3.92941,-3.92267,-3.97556,-3.93731,-3.87825,-3.94205,-3.99168,-3.96657,-3.9877,-3.87972,-4.00104,-3.91858,-4.0368,-3.95386,-4.03224,-3.9329,-4.06072,-4.05402,-4.11134,-4.04968,-4.04735,-4.04285,-4.07903,-4.09295,-4.04503,-4.1598,-4.16107,-4.17617,-4.05454,-4.1696,-4.1626,-4.16413,-4.04578,-4.05738,-3.97176,-3.87783,-3.7281,-3.54333,-3.40378,-3.11764,-3.0374,-3.01452,-2.9436,-2.99705,-2.89784,-2.95697,-2.94494,-2.95668,-2.93377,-2.93313,-2.86406,-2.91254,-3.01703,-2.85568,-2.89797,-2.87568,-2.87326,-2.92069,-2.88587,-2.90393,-2.84229,-2.77861,-2.78877
236,-4.61168,-4.48799,-4.5621,-4.5818,-4.57911,-4.5578,-4.54675,-4.55738,-4.69854,-4.70546,-4.61676,-4.60743,-4.62508,-4.75006,-4.6427,-4.67221,-4.71715,-4.729,-4.75835,-4.62267,-4.86674,-4.77879,-4.72759,-4.78008,-4.78462,-4.80759,-4.80162,-4.93722,-4.85989,-4.86113,-4.9105,-4.89457,-4.79664,-4.9042,-4.96437,-4.90988,-4.87033,-4.79344,-4.94012,-4.8859,-4.94806,-4.81578,-4.93556,-4.85583,-5.00632,-5.06159,-5.05777,-5.00352,-4.96312,-4.98313,-4.97998,-5.07663,-4.97814,-5.0684,-5.06532,-5.07683,-5.0098,-5.09304,-5.0656,-4.98902,-4.93971,-4.85817,-4.7693,-4.62515,-4.50814,-4.16238,-4.02888,-3.63981,-3.51914,-3.47138,-3.42066,-3.53363,-3.4196,-3.36896,-3.45919,-3.41784,-3.40276,-3.39733,-3.3212,-3.40885,-3.40493,-3.37073,-3.34376,-3.32773,-3.35125,-3.34852,-3.28759,-3.3555,-3.2397,-3.16694,-3.15572
235,-5.71488,-5.66532,-5.70756,-5.73078,-5.68092,-5.65579,-5.67629,-5.72767,-5.79071,-5.8508,-5.77917,-5.71094,-5.7423,-5.86005,-5.74305,-5.8056,-5.8746,-5.80194,-5.91791,-5.80095,-5.93277,-5.83179,-5.80149,-5.99547,-5.93543,-5.86837,-5.9514,-5.97198,-5.9737,-5.95912,-6.01585,-5.99847,-5.95141,-5.94669,-6.04296,-5.9678,-5.9925,-5.9283,-6.01938,-6.01166,-6.01879,-5.96478,-5.99839,-5.9693,-6.05602,-6.1204,-6.05833,-6.05154,-6.03066,-6.0257,-6.0563,-6.13728,-6.0784,-6.16305,-6.06645,-6.11157,-6.12196,-6.13044,-6.06042,-6.01452,-5.94574,-5.86854,-5.73715,-5.54057,-5.32571,-4.92271,-4.69131,-4.22047,-4.05423,-4.00773,-3.96323,-4.01842,-3.9603,-3.86774,-3.8966,-3.88898,-3.87285,-3.90084,-3.80585,-3.90762,-3.86872,-3.8953,-3.77795,-3.83291,-3.84989,-3.76953,-3.78975,-3.82219,-3.65988,-3.61508,-3.57197
234,-7.07003,-6.94797,-7.00804,-7.00804,-6.95398,-6.94652,-7.02912,-7.05775,-7.07904,-7.13797,-7.05607,-7.03914,-7.05721,-7.19293,-7.04568,-7.10664,-7.15889,-7.10016,-7.26326,-7.12539,-7.20685,-7.14852,-7.0681,-7.29118,-7.18974,-7.1406,-7.22603,-7.26524,-7.18579,-7.26015,-7.26815,-7.30124,-7.21009,-7.19602,-7.30185,-7.15679,-7.23818,-7.18211,-7.27394,-7.29467,-7.22706,-7.20458,-7.19922,-7.23685,-7.20893,-7.33351,-7.26161,-7.3059,-7.22846,-7.23902,-7.26225,-7.34532,-7.31788,-7.35171,-7.28309,-7.32285,-7.32106,-7.27835,-7.24858,-7.17197,-7.05431,-6.95124,-6.76293,-6.52058,-6.28981,-5.78306,-5.40535,-4.92492,-4.62939,-4.5799,-4.56677,-4.53566,-4.54005,-4.4385,-4.42198,-4.44779,-4.41382,-4.44535,-4.33444,-4.41582,-4.42409,-4.40715,-4.31569,-4.38112,-4.37309,-4.27691,-4.3173,-4.30872,-4.16872,-4.06534,-4.04678
233,-8.58961,-8.41612,-8.48284,-8.49723,-8.42527,-8.40248,-8.4666,-8.53636,-8.46778,-8.61213,-8.52324,-8.42009,-8.52588,-8.6467,-8.47803,-8.5066,-8.52891,-8.54134,-8.72501,-8.59175,-8.59205,-8.59257,-8.49838,-8.59998,-8.5848,-8.51795,-8.64501,-8.61189,-8.60194,-8.5947,-8.66773,-8.6695,-8.57743,-8.62705,-8.6342,-8.52333,-8.57221,-8.54324,-8.57196,-8.67279,-8.5448,-8.56993,-8.51646,-8.61278,-8.5284,-8.58677,-8.51884,-8.61172,-8.55091,-8.55824,-8.59529,-8.61591,-8.5947,-8.58402,-8.49951,-8.62054,-8.56171,-8.53074,-8.47308,-8.38051,-8.26675,-8.09403,-7.89787,-7.5434,-7.26122,-6.62152,-6.21488,-5.61881,-5.26409,-5.1179,-5.19601,-5.07116,-5.07425,-5.01666,-5.02447,-4.94429,-4.95684,-5.00036,-4.91228,-4.92771,-4.94924,-4.94579,-4.84221,-4.94432,-4.79743,-4.81332,-4.81523,-4.85552,-4.63057,-4.61911,-4.58841
232,-10.0965,-9.93579,-10.0181,-10.0514,-9.96642,-9.91825,-9.99949,-10.0589,-10.0058,-10.1294,-10.062,-9.94689,-9.97497,-10.1015,-9.94686,-10.0404,-10.0482,-10.067,-10.1964,-10.0835,-10.0556,-10.0406,-9.92434,-10.0478,-10.101,-9.94522,-10.1065,-9.96623,-10.0396,-9.96966,-10.006,-10.0805,-9.98218,-9.99854,-9.9776,-9.88873,-9.91501,-9.97036,-9.90548,-10.0578,-9.95474,-9.92345,-9.95079,-9.9738,-9.83542,-9.90891,-9.87833,-9.93708,-9.86564,-9.92355,-9.91347,-9.95973,-9.95648,-9.90887,-9.86558,-9.86957,-9.83605,-9.77491,-9.73646,-9.62924,-9.48178,-9.35082,-9.01963,-8.62069,-8.26145,-7.58452,-7.0115,-6.35924,-5.95919,-5.73137,-5.83002,-5.62406,-5.66599,-5.59514,-5.61333,-5.56599,-5.52883,-5.55609,-5.57387,-5.57592,-5.54754,-5.44813,-5.44185,-5.51418,-5.40455,-5.36081,-5.35683,-5.44251,-5.22242,-5.16615,-5.07126
231,-11.6081,-11.3827,-11.5079,-11.5765,-11.4265,-11.3899,-11.5052,-11.5073,-11.4469,-11.5403,-11.5435,-11.3646,-11.3938,-11.5503,-11.4093,-11.4937,-11.536,-11.4933,-11.6245,-11.5763,-11.5304,-11.4615,-11.3331,-11.5109,-11.5244,-11.3452,-11.4427,-11.3014,-11.4445,-11.3355,-11.3522,-11.4178,-11.329,-11.3341,-11.3284,-11.2137,-11.2444,-11.2343,-11.2329,-11.4104,-11.2687,-11.2114,-11.3183,-11.3068,-11.1248,-11.1374,-11.1696,-11.2164,-11.1913,-11.2501,-11.1744,-11.1275,-11.2952,-11.1215,-11.0807,-11.0847,-11.0413,-10.9859,-10.9564,-10.9104,-10.601,-10.5264,-10.0862,-9.71016,-9.2658,-8.58708,-7.85635,-7.06794,-6.59894,-6.42241,-6.38419,-6.16194,-6.22955,-6.17236,-6.21348,-6.21507,-6.16813,-6.14869,-6.2308,-6.20803,-6.15209,-6.01242,-6.08995,-6.05736,-5.97432,-5.92419,-5.88466,-5.98977,-5.74283,-5.70717,-5.6245
230,-13.0082,-12.75,-12.8464,-12.8995,-12.8047,-12.6963,-12.8429,-12.8421,-12.7433,-12.8258,-12.864,-12.7279,-12.668,-12.8748,-12.7778,-12.7902,-12.8202,-12.8123,-12.9301,-12.8383,-12.8685,-12.7737,-12.6338,-12.7356,-12.7633,-12.6451,-12.6938,-12.6241,-12.6731,-12.6325,-12.5636,-12.6627,-12.5759,-12.5769,-12.5553,-12.3973,-12.4527,-12.467,-12.4768,-12.5548,-12.5072,-12.3989,-12.4652,-12.494,-12.3129,-12.3012,-12.371,-12.426,-12.3592,-12.4194,-12.3425,-12.2554,-12.4624,-12.2573,-12.284,-12.25,-12.0967,-12.1339,-12.0042,-12.0024,-11.6689,-11.5165,-11.1326,-10.711,-10.1611,-9.3977,-8.65646,-7.84689,-7.31376,-7.06545,-6.97991,-6.7547,-6.85037,-6.79179,-6.82524,-6.89142,-6.83816,-6.76374,-6.91287,-6.85254,-6.8289,-6.64164,-6.7722,-6.68921,-6.62733,-6.48106,-6.42583,-6.43677,-6.31873,-6.22078,-6.13707
229,-14.0793,-13.9565,-13.9537,-14.056,-13.9373,-13.8534,-14.0049,-14.0037,-13.835,-13.9618,-14.0545,-13.8635,-13.7642,-13.9566,-13.8672,-13.9632,-13.8862,-13.8675,-14.0059,-13.888,-13.9296,-13.8079,-13.6867,-13.7467,-13.846,-13.7163,-13.6924,-13.7149,-13.6562,-13.617,-13.5887,-13.7586,-13.5851,-13.5713,-13.5598,-13.4548,-13.5106,-13.5092,-13.528,-13.5875,-13.565,-13.3852,-13.5199,-13.5137,-13.3536,-13.2674,-13.4387,-13.3704,-13.343,-13.4342,-13.3464,-13.2423,-13.4208,-13.288,-13.2478,-13.1525,-13.0241,-13.0681,-12.9857,-12.8558,-12.5952,-12.4667,-12.0141,-11.5975,-10.9571,-10.1382,-9.34842,-8.53752,-8.01021,-7.70578,-7.59954,-7.3925,-7.48756,-7.3872,-7.50231,-7.50242,-7.49196,-7.33133,-7.57422,-7.44475,-7.39204,-7.3242,-7.39976,-7.28004,-7.18998,-7.067,-6.97775,-6.929,-6.89645,-6.7533,-6.69413
228,-14.953,-14.8973,-14.8727,-15.0392,-14.8526,-14.8422,-14.9122,-14.8543,-14.7351,-14.834,-15.0043,-14.8014,-14.6583,-14.9091,-14.7435,-14.9435,-14.7737,-14.7723,-14.8622,-14.7185,-14.7792,-14.7238,-14.5388,-14.6432,-14.7303,-14.5644,-14.5399,-14.5846,-14.4806,-14.5411,-14.4891,-14.5588,-14.4609,-14.3901,-14.4614,-14.333,-14.4091,-14.342,-14.373,-14.4134,-14.3787,-14.218,-14.4069,-14.2923,-14.1773,-14.1458,-14.2906,-14.171,-14.1428,-14.2176,-14.133,-14.1628,-14.1526,-14.11,-14.0929,-13.954,-13.8614,-13.8815,-13.7111,-13.6735,-13.4084,-13.2168,-12.7876,-12.4683,-11.6267,-10.8996,-10.0781,-9.22952,-8.72888,-8.37937,-8.13929,-8.10175,-8.15368,-8.02185,-8.14944,-8.17843,-8.17865,-8.00965,-8.16802,-8.10702,-8.01737,-7.92539,-8.0508,-7.8619,-7.83306,-7.61756,-7.54347,-7.51188,-7.42959,-7.23116,-7.21319
227,-15.7103,-15.641,-15.595,-15.7178,-15.5887,-15.6169,-15.6413,-15.5621,-15.4323,-15.6306,-15.7132,-15.5971,-15.4324,-15.6145,-15.5198,-15.6154,-15.5011,-15.428,-15.6246,-15.4564,-15.4945,-15.4158,-15.2855,-15.2974,-15.4045,-15.4177,-15.2981,-15.2776,-15.1673,-15.2614,-15.1746,-15.2757,-15.2281,-15.1098,-15.1385,-15.0729,-15.1523,-15.0965,-15.112,-15.0666,-15.0244,-14.908,-15.0391,-15.0552,-14.9649,-14.8903,-14.9604,-14.79,-14.7707,-14.8658,-14.8071,-14.887,-14.8564,-14.802,-14.7875,-14.7085,-14.6214,-14.5869,-14.4342,-14.3079,-14.0843,-13.8986,-13.4088,-13.1795,-12.3059,-11.6484,-10.8211,-9.9582,-9.36099,-9.06235,-8.79539,-8.84901,-8.81225,-8.62482,-8.69897,-8.79425,-8.83951,-8.64558,-8.82656,-8.78088,-8.68084,-8.6139,-8.69873,-8.45075,-8.41451,-8.17941,-8.09149,-8.01462,-8.02571,-7.72782,-7.69583
226,-16.2915,-16.2883,-16.2888,-16.2613,-16.1886,-16.2859,-16.2327,-16.2018,-16.084,-16.3093,-16.2985,-16.2049,-16.1101,-16.1613,-16.1644,-16.2046,-16.1481,-16.1195,-16.188,-16.069,-16.0913,-16.08,-15.9382,-15.9018,-16.0119,-16.115,-15.8961,-15.9572,-15.783,-15.9882,-15.8475,-15.8993,-15.8776,-15.8181,-15.737,-15.8156,-15.7804,-15.7909,-15.7162,-15.6892,-15.6534,-15.5617,-15.6588,-15.5647,-15.5949,-15.4617,-15.4884,-15.3994,-15.3885,-15.4408,-15.4669,-15.4977,-15.4242,-15.4615,-15.3734,-15.3799,-15.2501,-15.2366,-14.9699,-14.935,-14.7319,-14.518,-14.0616,-13.7527,-12.9323,-12.3137,-11.5294,-10.5832,-9.93341,-9.7536,-9.41792,-9.55582,-9.30143,-9.30007,-9.35808,-9.37402,-9.37539,-9.30494,-9.32248,-9.3246,-9.29859,-9.20245,-9.23403,-8.98749,-8.94504,-8.76719,-8.6313,-8.58962,-8.54858,-8.20825,-8.25796
225,-16.8276,-16.8464,-16.8419,-16.7369,-16.7687,-16.8653,-16.8145,-16.7654,-16.6439,-16.8563,-16.8352,-16.8483,-16.7294,-16.7367,-16.7786,-16.7275,-16.7064,-16.704,-16.6923,-16.6313,-16.651,-16.6679,-16.616,-16.4377,-16.6331,-16.6809,-16.4838,-16.5453,-16.4605,-16.4994,-16.4131,-16.4959,-16.4365,-16.3543,-16.3148,-16.4882,-16.3157,-16.3564,-16.307,-16.2774,-16.1664,-16.1085,-16.2269,-16.165,-16.1691,-16.0759,-16.0578,-15.9253,-16.0122,-16.0266,-16.0107,-16.2269,-15.9511,-16.0647,-15.9072,-16.0384,-15.8621,-15.7278,-15.5937,-15.4987,-15.3026,-15.1035,-14.6676,-14.434,-13.6092,-12.902,-12.1018,-11.2256,-10.5762,-10.3355,-10.0745,-10.1856,-9.88618,-9.92094,-9.87237,-9.91681,-9.9535,-9.91146,-9.86493,-9.86146,-9.78996,-9.72263,-9.68895,-9.53653,-9.39782,-9.30394,-9.2048,-9.17087,-9.06301,-8.68494,-8.73541
224,-17.4068,-17.3395,-17.3782,-17.2235,-17.3314,-17.477,-17.3963,-17.3642,-17.2747,-17.2737,-17.3639,-17.3321,-17.3921,-17.2787,-17.3219,-17.3163,-17.3102,-17.3245,-17.276,-17.1451,-17.2317,-17.3138,-17.1723,-17.0308,-17.124,-17.2041,-17.0847,-17.1255,-17.1043,-17.0274,-16.9968,-17.0122,-16.9778,-16.9665,-16.8907,-17.1022,-16.8577,-16.9245,-16.7877,-16.8142,-16.7039,-16.6769,-16.7322,-16.6923,-16.7425,-16.7336,-16.5883,-16.5695,-16.5905,-16.606,-16.5355,-16.765,-16.5522,-16.6626,-16.4588,-16.6043,-16.5146,-16.336,-16.119,-16.0983,-15.8719,-15.6325,-15.2839,-14.9951,-14.1837,-13.5562,-12.7412,-11.7482,-11.1357,-10.8578,-10.6259,-10.8129,-10.3811,-10.4588,-10.4961,-10.4643,-10.5053,-10.4416,-10.3466,-10.3576,-10.3542,-10.2989,-10.1361,-10.0273,-9.94638,-9.85043,-9.71307,-9.7507,-9.52317,-9.26512,-9.07572
223,-17.9325,-17.7247,-17.9533,-17.6714,-17.7708,-17.8767,-17.9713,-17.8762,-17.8456,-17.8388,-17.7841,-17.9666,-18.0419,-17.8186,-17.8183,-17.6877,-17.876,-17.8636,-17.7963,-17.7208,-17.7882,-17.8643,-17.7628,-17.5886,-17.6401,-17.8209,-17.5878,-17.662,-17.6377,-17.5231,-17.5127,-17.5514,-17.4674,-17.5605,-17.4678,-17.7736,-17.3638,-17.5185,-17.3579,-17.3017,-17.2441,-17.2484,-17.2537,-17.2842,-17.3321,-17.2547,-17.0096,-17.08,-17.1644,-17.223,-17.1511,-17.2808,-17.1681,-17.2783,-17.0408,-17.1609,-17.107,-16.9203,-16.7694,-16.6453,-16.4127,-16.1868,-15.8134,-15.5034,-14.7588,-14.1283,-13.2826,-12.258,-11.5997,-11.3269,-11.1478,-11.2187,-10.8375,-10.9337,-11.012,-11.0349,-10.9454,-10.9681,-10.7918,-10.8736,-10.8952,-10.8459,-10.6,-10.5185,-10.5569,-10.3418,-10.0861,-10.2326,-9.94299,-9.64668,-9.49638
222,-18.4127,-18.1818,-18.4452,-18.1074,-18.2622,-18.3087,-18.4568,-18.3102,-18.3399,-18.2881,-18.1506,-18.4537,-18.5194,-18.3499,-18.2256,-18.2106,-18.3594,-18.25,-18.2412,-18.1527,-18.3596,-18.3396,-18.2728,-18.0488,-18.1321,-18.223,-18.0263,-18.2243,-18.1481,-18.0837,-18.0476,-18.0438,-17.9406,-18.0809,-17.976,-18.1266,-17.8183,-17.9967,-17.9123,-17.8108,-17.7346,-17.7843,-17.814,-17.7988,-17.7787,-17.6849,-17.5003,-17.5189,-17.7411,-17.8397,-17.7344,-17.7547,-17.676,-17.6554,-17.5695,-17.5625,-17.5257,-17.3885,-17.2788,-17.1317,-16.8756,-16.6851,-16.3836,-15.9405,-15.1884,-14.5535,-13.7271,-12.6962,-11.9798,-11.7707,-11.6408,-11.6749,-11.2609,-11.43,-11.5245,-11.4446,-11.3175,-11.3723,-11.2262,-11.3199,-11.3906,-11.2857,-10.9656,-10.9071,-10.9769,-10.702,-10.513,-10.6262,-10.2952,-10.0976,-9.85229
221,-18.8472,-18.6524,-18.7455,-18.5408,-18.6772,-18.6512,-18.7714,-18.8393,-18.7163,-18.6502,-18.4899,-18.8505,-18.8521,-18.7837,-18.7044,-18.5973,-18.678,-18.6835,-18.6645,-18.6426,-18.7801,-18.7033,-18.6534,-18.5575,-18.5671,-18.5936,-18.3756,-18.6942,-18.6244,-18.534,-18.5574,-18.4387,-18.3378,-18.3763,-18.4926,-18.4907,-18.2986,-18.3771,-18.348,-18.154,-18.1386,-18.2459,-18.3705,-18.2281,-18.1166,-18.1354,-18.0277,-17.9871,-18.2181,-18.4018,-18.2228,-18.133,-18.2256,-18.022,-18.0389,-17.8885,-17.9608,-17.8261,-17.6555,-17.6155,-17.3746,-17.1313,-16.8428,-16.3697,-15.7535,-14.9131,-14.0397,-13.0231,-12.4787,-12.1446,-11.913,-11.887,-11.7958,-11.6932,-11.8602,-11.8717,-11.8408,-11.7829,-11.7012,-11.5871,-11.7128,-11.6526,-11.3923,-11.3215,-11.3254,-11.067,-10.893,-10.9532,-10.7249,-10.4545,-10.1444
220,-19.1808,-18.9482,-19.1099,-18.905,-18.9898,-19.0122,-19.0434,-19.1642,-19.1306,-19.0004,-18.8447,-19.1681,-19.1628,-19.1294,-18.9907,-19.0189,-19.0189,-18.9404,-19.0467,-18.9686,-18.9493,-19.0234,-18.9392,-18.8709,-18.9096,-18.9066,-18.8221,-19.0224,-18.9037,-18.9164,-18.9088,-18.8605,-18.7222,-18.8019,-18.8739,-18.7284,-18.6863,-18.7672,-18.7516,-18.4269,-18.5117,-18.7238,-18.7743,-18.5747,-18.4141,-18.5581,-18.4833,-18.4258,-18.6723,-18.7436,-18.6258,-18.4385,-18.5441,-18.4495,-18.4671,-18.2487,-18.3648,-18.1835,-18.0461,-18.0038,-17.712,-17.4278,-17.2971,-16.6674,-16.0755,-15.2413,-14.3858,-13.224,-12.9058,-12.5453,-12.2536,-12.352,-12.1085,-12.0741,-12.2791,-12.2224,-12.1572,-12.1194,-12.0717,-11.9656,-12.0521,-12.0768,-11.8031,-11.6849,-11.775,-11.3391,-11.2843,-11.2829,-11.0579,-10.7053,-10.4531
219,-19.4407,-19.232,-19.379,-19.2199,-19.106,-19.2018,-19.2789,-19.3702,-19.4782,-19.3241,-19.0723,-19.346,-19.36,-19.422,-19.1935,-19.2867,-19.2848,-19.0978,-19.3602,-19.2234,-19.2122,-19.1814,-19.148,-19.2325,-19.1809,-19.178,-19.146,-19.2093,-19.1973,-19.1771,-19.1732,-19.1395,-19.005,-19.1441,-19.2056,-18.9787,-18.8988,-19.0854,-19.0142,-18.7231,-18.8302,-19.0233,-19.0937,-18.9439,-18.7925,-18.7985,-18.7633,-18.6176,-18.9718,-19.039,-18.9306,-18.6926,-18.8786,-18.645,-18.7706,-18.441,-18.6673,-18.3305,-18.3775,-18.3889,-18.1014,-17.7966,-17.5385,-17.0221,-16.4536,-15.5119,-14.6631,-13.5953,-13.1969,-12.927,-12.5702,-12.7037,-12.4238,-12.454,-12.4485,-12.4584,-12.5436,-12.482,-12.2659,-12.2332,-12.3822,-12.32,-12.1272,-12.0638,-12.094,-11.6489,-11.5873,-11.5068,-11.2737,-11.0033,-10.703
218,-19.5732,-19.5179,-19.5771,-19.3983,-19.3474,-19.4365,-19.4674,-19.5841,-19.6763,-19.5642,-19.3198,-19.5278,-19.478,-19.6408,-19.3746,-19.5209,-19.5394,-19.3039,-19.5671,-19.4909,-19.3658,-19.2914,-19.453,-19.2906,-19.3895,-19.5361,-19.4563,-19.4498,-19.4952,-19.4058,-19.4135,-19.333,-19.1979,-19.3288,-19.4743,-19.1707,-19.298,-19.2018,-19.26,-19.0561,-19.0516,-19.296,-19.2848,-19.2044,-19.0301,-19.057,-19.1342,-18.9975,-19.328,-19.2537,-19.2743,-18.9442,-19.1432,-18.9325,-19.0052,-18.6585,-19.0513,-18.5108,-18.6173,-18.604,-18.4016,-18.0965,-17.8275,-17.2978,-16.7507,-15.7848,-14.941,-13.887,-13.5544,-13.3756,-12.8377,-13.0365,-12.8272,-12.62,-12.6614,-12.668,-12.8245,-12.7634,-12.5905,-12.4187,-12.6256,-12.5452,-12.4602,-12.3092,-12.2205,-11.9208,-11.9918,-11.7105,-11.5275,-11.0735,-11.0367
217,-19.6446,-19.6417,-19.6536,-19.6898,-19.5585,-19.6219,-19.5803,-19.7727,-19.8252,-19.6498,-19.6923,-19.6609,-19.6017,-19.8143,-19.6385,-19.6479,-19.6856,-19.5076,-19.7514,-19.7711,-19.5324,-19.4764,-19.4978,-19.5027,-19.6264,-19.6864,-19.6404,-19.5647,-19.69,-19.6622,-19.7017,-19.5114,-19.3913,-19.5253,-19.6917,-19.4433,-19.5215,-19.3301,-19.47,-19.1663,-19.2781,-19.5592,-19.3767,-19.3956,-19.2477,-19.3281,-19.4016,-19.2715,-19.6196,-19.4201,-19.4637,-19.1738,-19.3306,-19.1271,-19.2263,-19.0232,-19.3274,-18.7716,-18.7721,-18.9043,-18.5981,-18.3591,-18.1026,-17.5635,-16.9432,-16.1837,-15.1469,-14.0986,-13.8576,-13.8023,-13.1015,-13.2231,-13.1889,-12.9736,-12.9779,-12.9084,-13.0745,-12.9401,-12.9102,-12.5834,-12.7717,-12.6857,-12.718,-12.4634,-12.328,-12.2063,-12.0716,-11.884,-11.6887,-11.2078,-11.148
216,-19.6483,-19.8874,-19.8229,-19.8851,-19.7634,-19.9376,-19.7146,-20.0042,-20.0395,-19.8822,-20.0666,-19.8585,-19.9067,-19.996,-19.6397,-19.9607,-19.9389,-19.7536,-19.9695,-19.836,-19.6749,-19.8222,-19.8406,-19.6643,-19.7642,-19.9242,-19.8683,-19.7722,-19.8277,-19.8406,-19.9304,-19.6867,-19.5968,-19.7844,-19.8201,-19.644,-19.7541,-19.6209,-19.6374,-19.4886,-19.504,-19.7354,-19.46,-19.6218,-19.4548,-19.6607,-19.6029,-19.5953,-19.8214,-19.6141,-19.6317,-19.4717,-19.6011,-19.4275,-19.4709,-19.3472,-19.6561,-19.0197,-19.0865,-19.1912,-18.9502,-18.5363,-18.3591,-17.8283,-17.2183,-16.4081,-15.4628,-14.3897,-14.2166,-14.1462,-13.3664,-13.6062,-13.3456,-13.1571,-13.2837,-13.2648,-13.2712,-13.2842,-12.9456,-12.8325,-12.9492,-12.8063,-12.8802,-12.6572,-12.5412,-12.4673,-12.2744,-11.9807,-11.7069,-11.4657,-11.2808
215,-19.8048,-20.1294,-20.0247,-20.1073,-20.0067,-20.2232,-20.0207,-20.1394,-20.1602,-20.0989,-20.3199,-20.068,-20.1491,-20.2105,-19.9792,-20.1989,-20.1312,-20.1078,-20.2576,-20.0712,-19.9303,-20.0176,-20.0724,-19.8693,-20.0273,-20.2355,-20.0795,-19.9413,-20.1157,-20.124,-20.1113,-19.9347,-19.8,-20.0548,-20.0318,-19.9086,-19.956,-19.9122,-19.8207,-19.7627,-19.7387,-19.9229,-19.6571,-19.8741,-19.8605,-19.8465,-19.797,-19.8001,-20.1968,-19.8487,-19.8108,-19.8624,-19.773,-19.7631,-19.8423,-19.6173,-19.8423,-19.2405,-19.3175,-19.4129,-19.1345,-18.9086,-18.6042,-18.1399,-17.5756,-16.7552,-15.7525,-14.9302,-14.5548,-14.286,-13.7732,-13.817,-13.6801,-13.3594,-13.5292,-13.5658,-13.6115,-13.4901,-13.1146,-12.977,-13.1809,-12.9994,-12.9696,-12.7765,-12.5937,-12.5544,-12.4011,-12.0804,-11.8176,-11.5798,-11.4576
214,-20.1599,-20.5132,-20.3685,-20.4023,-20.3464,-20.4272,-20.2334,-20.3852,-20.3313,-20.3623,-20.6053,-20.4539,-20.4568,-20.5843,-20.244,-20.5482,-20.3815,-20.4335,-20.4982,-20.5277,-20.324,-20.358,-20.4308,-20.0595,-20.2883,-20.6525,-20.2996,-20.256,-20.3477,-20.4583,-20.5444,-20.2239,-20.2494,-20.3419,-20.3791,-20.1244,-20.2219,-20.2084,-20.0841,-20.1674,-19.9895,-20.2936,-20.0121,-20.2513,-20.2042,-20.1927,-20.173,-20.2535,-20.4232,-20.1735,-20.224,-20.2615,-20.1432,-20.0759,-20.0536,-20.0011,-20.1875,-19.7264,-19.6947,-19.678,-19.4947,-19.2593,-18.9627,-18.6121,-17.9041,-17.0425,-16.179,-15.2719,-14.9193,-14.5914,-14.1119,-14.0633,-14.0786,-13.6356,-13.8415,-13.8538,-13.8571,-13.6334,-13.4549,-13.2655,-13.3662,-13.1359,-13.2761,-12.8124,-12.7071,-12.6769,-12.5601,-12.2402,-11.9143,-11.6983,-11.5316
213,-20.7185,-20.8975,-20.7688,-20.7531,-20.9399,-20.9581,-20.6712,-20.8021,-20.6449,-20.7968,-21.038,-20.9339,-20.893,-20.9886,-20.7674,-20.8418,-20.6858,-20.998,-21.0447,-20.9761,-20.8422,-20.8971,-20.8766,-20.5208,-20.8155,-20.9612,-20.7916,-20.7279,-20.7155,-20.9106,-21.0051,-20.6457,-20.7549,-20.8071,-20.7963,-20.6887,-20.6168,-20.7715,-20.6247,-20.5541,-20.4454,-20.8473,-20.4566,-20.5932,-20.5658,-20.6369,-20.6436,-20.6252,-20.7359,-20.5777,-20.5977,-20.8927,-20.4903,-20.418,-20.5845,-20.7458,-20.56,-20.3502,-20.1701,-20.0552,-19.9545,-19.6585,-19.3739,-19.0463,-18.3709,-17.5648,-16.5529,-15.6894,-15.3877,-14.7559,-14.4242,-14.445,-14.4791,-14.0139,-14.1347,-14.1605,-14.0732,-13.8959,-13.8336,-13.473,-13.5844,-13.3567,-13.2397,-12.9409,-12.8373,-12.8349,-12.6955,-12.3262,-12.0302,-11.859,-11.682
212,-21.3936,-21.5545,-21.2114,-21.3425,-21.4468,-21.5038,-21.3138,-21.4892,-21.1907,-21.3499,-21.5527,-21.5146,-21.4292,-21.2792,-21.2881,-21.5261,-21.1539,-21.6255,-21.5511,-21.53,-21.3976,-21.3239,-21.5714,-21.2489,-21.3684,-21.5369,-21.4321,-21.3678,-21.2115,-21.4008,-21.586,-21.1905,-21.4687,-21.4497,-21.4477,-21.4505,-21.186,-21.4494,-21.1693,-21.2306,-21.0841,-21.4532,-21.0159,-21.1833,-21.1492,-21.2929,-21.2276,-21.2151,-21.2339,-21.2535,-21.1476,-21.5641,-21.1389,-21.1121,-21.1943,-21.3085,-21.1951,-21.0614,-20.8332,-20.7089,-20.471,-20.1999,-19.9909,-19.6102,-18.8822,-18.0867,-17.1255,-16.2425,-15.963,-15.2229,-14.9553,-14.8163,-14.6738,-14.3553,-14.6029,-14.3548,-14.344,-14.2309,-14.1578,-13.85,-13.918,-13.5781,-13.438,-13.1539,-13.1552,-13.0292,-12.7882,-12.4113,-12.3358,-12.0894,-11.9527
211,-22.2117,-22.2913,-22.016,-22.025,-22.2684,-22.1495,-22.1626,-22.2617,-22.0638,-22.1255,-22.2552,-22.3662,-22.2293,-21.9538,-22.1826,-22.2782,-21.8927,-22.3887,-22.2562,-22.4991,-22.2489,-22.0788,-22.343,-22.0114,-22.2382,-22.3426,-22.2778,-22.155,-21.9603,-22.1433,-22.2737,-22.0654,-22.1649,-22.1367,-22.2226,-22.2727,-21.8883,-22.2492,-21.7309,-22.0829,-21.7988,-22.2062,-21.7044,-21.841,-21.9851,-22.0183,-21.9516,-21.9813,-22.0831,-22.1077,-21.8728,-22.2701,-21.8379,-21.8491,-21.8386,-22.0838,-21.8508,-21.7623,-21.5683,-21.337,-21.1742,-21.0259,-20.5319,-20.3702,-19.5133,-18.7256,-17.8335,-16.8782,-16.4064,-15.5804,-15.5476,-15.3169,-15.2195,-14.8939,-14.9916,-14.7468,-14.9017,-14.5023,-14.4468,-14.3154,-14.2328,-13.9656,-13.61,-13.3809,-13.4976,-13.1845,-13.1081,-12.7053,-12.5424,-12.3011,-12.0679
210,-23.1938,-23.0921,-22.9571,-23.0421,-23.1286,-23.0572,-23.1072,-23.0923,-22.9704,-22.991,-23.2107,-23.2778,-23.0344,-22.8574,-23.1076,-23.1406,-22.8288,-23.1884,-23.1193,-23.3077,-23.2074,-23.0004,-23.2161,-23.0002,-23.1342,-23.0811,-23.0857,-23.0786,-22.7373,-23.1413,-23.1523,-23.0896,-22.9446,-22.8457,-23.0285,-23.001,-22.8491,-22.9076,-22.5757,-22.7654,-22.5007,-22.9778,-22.6207,-22.6756,-22.8502,-22.8033,-22.9811,-22.817,-23.005,-22.911,-22.5585,-23.1468,-22.7083,-22.7595,-22.6266,-22.7385,-22.6999,-22.4333,-22.4951,-22.2054,-21.9146,-21.7448,-21.3941,-21.1191,-20.0863,-19.5109,-18.4796,-17.6922,-17.1213,-16.1587,-16.2872,-15.9477,-16.0358,-15.7026,-15.512,-15.3948,-15.2549,-14.8717,-14.9354,-14.7952,-14.6789,-14.2931,-13.9154,-13.7545,-13.9806,-13.5093,-13.4344,-12.9965,-12.8798,-12.5302,-12.1759
209,-24.1219,-23.8757,-23.8045,-23.9235,-24.0478,-24.0304,-23.9523,-24.0619,-24.0397,-23.9224,-24.0149,-23.9866,-23.8075,-23.562,-23.9698,-23.9695,-23.9048,-24.0936,-23.8993,-24.1948,-24.1686,-23.8522,-24.3091,-23.9558,-24.1552,-23.9005,-23.9472,-23.9745,-23.7795,-24.0199,-23.8924,-23.899,-23.8658,-23.5501,-23.7757,-23.884,-23.8741,-23.6295,-23.4646,-23.446,-23.4565,-23.7794,-23.4631,-23.5222,-23.7307,-23.6309,-23.8047,-23.4913,-23.6689,-23.5426,-23.3629,-24.0983,-23.5743,-23.6463,-23.3214,-23.5396,-23.4409,-23.2978,-23.4175,-23.0611,-22.6288,-22.6222,-22.1558,-21.84,-21.0818,-20.3488,-19.2425,-18.4872,-17.9032,-16.9092,-17.0027,-16.8335,-16.7457,-16.399,-16.2199,-15.8838,-15.8189,-15.4394,-15.6571,-15.2706,-14.9719,-14.5533,-14.3989,-14.2421,-14.3715,-13.659,-13.8306,-13.3013,-13.224,-12.799,-12.3819
208,-24.8194,-24.4563,-24.7194,-24.7981,-24.8083,-24.8861,-24.5931,-24.7588,-24.885,-24.4515,-24.5417,-24.6754,-24.6042,-24.2169,-24.6507,-24.7458,-24.6856,-24.7969,-24.46,-24.9452,-24.8451,-24.7208,-25.0656,-24.6559,-24.8049,-24.6284,-24.5669,-24.5889,-24.4601,-24.8518,-24.4358,-24.6599,-24.4446,-24.2027,-24.3246,-24.3718,-24.6292,-24.3105,-24.0374,-24.0708,-23.9788,-24.2707,-24.1581,-24.0687,-24.5124,-24.3013,-24.4525,-24.1744,-24.2066,-24.1509,-23.8334,-24.6091,-24.2357,-24.4656,-24.0026,-24.0753,-24.0972,-23.8256,-24.0166,-23.7221,-23.2234,-23.047,-22.6466,-22.5013,-21.6551,-20.9917,-19.7436,-19.5061,-18.7447,-17.7931,-17.9126,-17.7322,-17.1532,-17.0097,-17.011,-16.6224,-16.565,-16.0225,-16.0124,-15.823,-15.1706,-15.0469,-14.7253,-14.7226,-14.6816,-13.9706,-13.9719,-13.7109,-13.4114,-13.0369,-12.7328
207,-25.1084,-24.8704,-25.3215,-25.2119,-24.9815,-25.3211,-25.0398,-25.2558,-25.3815,-24.9015,-24.8648,-25.0053,-25.035,-24.8743,-24.9259,-25.0404,-25.1021,-25.1713,-24.8356,-25.314,-25.3091,-25.3108,-25.2914,-24.8965,-25.2268,-24.8414,-24.851,-24.8303,-24.8215,-25.3869,-24.6631,-24.9398,-24.6391,-24.6684,-24.7401,-24.4918,-24.8868,-24.3086,-24.3193,-24.4391,-24.2144,-24.3732,-24.5142,-24.3398,-24.8337,-24.342,-24.9044,-24.4046,-24.6816,-24.4722,-24.0816,-24.81,-24.3665,-24.664,-24.2994,-24.2687,-24.0847,-23.8773,-24.2279,-24.1863,-23.4205,-23.3706,-22.9148,-22.7341,-22.3701,-21.7618,-20.4949,-20.2454,-19.5352,-18.5478,-18.9141,-18.5271,-18.0786,-17.7911,-17.7055,-17.362,-17.228,-16.4656,-16.56,-16.4188,-15.5932,-15.3038,-15.193,-15.1176,-15.2102,-14.0676,-14.4037,-14.2823,-13.6618,-13.3157,-13.1712
206,-25.0163,-24.7778,-25.1564,-24.8357,-24.6748,-25.0382,-24.7252,-24.8875,-25.2393,-24.8089,-24.5655,-24.6874,-24.8802,-24.8858,-24.8021,-24.7118,-24.9668,-24.7068,-24.7211,-25.2198,-24.8278,-25.0746,-25.1208,-24.6813,-24.97,-24.7362,-24.755,-24.5235,-24.9516,-25.1769,-24.5468,-24.8773,-24.2451,-24.1726,-24.5059,-24.1684,-24.5192,-23.9784,-24.201,-24.1965,-23.7147,-24.2995,-24.2564,-24.0363,-24.3795,-24.1182,-24.6775,-24.1856,-24.2764,-24.0299,-24.0003,-24.4284,-24.1815,-24.3959,-24.1228,-24.0446,-23.6769,-23.6959,-23.9062,-23.9917,-23.2604,-23.3078,-22.6006,-22.6167,-22.4497,-21.9313,-20.8841,-20.9643,-20.2642,-19.5311,-19.5162,-19.2251,-19.0418,-18.2594,-18.3911,-17.7859,-17.7788,-16.9599,-16.7878,-16.7416,-15.7119,-15.6383,-15.6245,-15.7058,-15.3413,-14.1049,-14.6781,-14.4353,-13.9188,-13.5603,-13.4102
205,-24.0955,-24.0429,-24.3359,-23.847,-23.7529,-23.9872,-23.7104,-24.0312,-24.2234,-23.9615,-23.8468,-23.8703,-24.19,-23.9555,-23.644,-23.7701,-23.9308,-24.107,-23.7685,-24.3183,-23.9496,-23.9633,-24.0425,-23.7454,-24.0026,-23.8942,-23.8552,-23.5849,-24.0066,-24.1392,-23.4187,-23.7645,-23.15,-23.4221,-23.48,-23.0101,-23.5534,-22.8946,-23.2468,-23.269,-22.7693,-23.3285,-23.1539,-23.0048,-22.9883,-23.1926,-23.7081,-23.1854,-23.2217,-23.0055,-23.0473,-23.2816,-23.1841,-23.2585,-23.0263,-23.3284,-22.9359,-23.0096,-22.9358,-23.1248,-22.8467,-22.5288,-22.0193,-22.2218,-22.1195,-21.7486,-21.0688,-21.1475,-20.845,-20.1257,-19.9901,-19.5831,-19.4603,-18.7667,-18.8026,-17.9441,-18.3725,-17.2807,-16.8204,-16.958,-15.8597,-15.9807,-15.957,-15.7844,-15.1747,-14.2646,-14.6918,-14.3933,-14.151,-13.5846,-13.692
204,-22.2494,-22.2774,-22.4856,-22.1146,-22.1094,-22.4336,-21.8678,-22.3271,-22.1366,-22.4651,-22.1448,-22.3476,-22.6281,-22.257,-22.0878,-22.1247,-21.9954,-22.3611,-21.987,-22.6731,-22.2006,-22.0517,-22.0795,-22.2672,-22.2176,-22.1662,-22.1981,-21.7694,-21.8863,-22.2567,-21.6486,-22.0489,-21.3903,-21.8298,-21.6141,-21.3415,-21.4289,-21.3027,-21.6262,-21.4137,-21.2476,-21.5607,-21.3259,-21.0553,-21.1216,-21.4066,-21.9083,-21.1864,-21.4452,-21.1872,-21.3954,-21.3195,-21.4262,-21.3696,-21.3645,-21.701,-21.4359,-21.4093,-21.4564,-21.2553,-21.2253,-20.9559,-20.6475,-20.8818,-21.1533,-21.0199,-20.7775,-20.9928,-20.9589,-20.6509,-20.1456,-19.86,-19.6127,-18.6605,-19.0852,-18.2787,-18.1614,-17.3561,-16.2811,-16.8741,-15.7738,-15.9924,-16.1564,-15.956,-15.3397,-14.1897,-14.1291,-14.0452,-13.9205,-13.4466,-13.6968
203,-19.7151,-19.813,-19.9596,-19.5976,-19.48,-19.5321,-19.5055,-19.6771,-19.4296,-20.0926,-19.7273,-19.9869,-19.9593,-19.5095,-19.3695,-19.522,-19.0736,-19.7361,-19.5526,-19.7973,-19.2826,-19.5357,-19.3236,-19.6712,-19.4549,-19.3808,-19.4974,-19.1293,-19.0639,-19.6767,-19.1273,-19.3945,-18.2741,-19.2808,-19.1763,-18.6015,-18.6442,-18.6689,-18.8294,-18.8395,-18.6919,-18.9982,-18.5517,-18.3876,-18.3777,-18.8306,-19.2566,-18.3351,-18.5917,-18.8629,-19.1759,-18.6488,-19.195,-18.7428,-18.7833,-19.4768,-19.177,-18.7627,-18.6862,-19.1464,-19.1319,-19.0569,-18.6557,-19.0653,-19.5244,-20.3205,-20.465,-20.6698,-20.9418,-20.3342,-19.7603,-19.7569,-19.6047,-18.6584,-18.7196,-17.9779,-18.2659,-17.3597,-15.9339,-16.8142,-15.9673,-15.9769,-16.2248,-15.5443,-14.7947,-13.9666,-13.7906,-14.0225,-13.2403,-12.8999,-13.3709
202,-15.917,-16.4086,-16.3412,-15.9513,-15.8294,-15.8538,-15.8579,-15.8926,-16.062,-16.6207,-16.1625,-16.4429,-16.398,-15.9958,-15.5889,-15.7525,-15.2974,-15.7953,-15.7756,-16.1828,-15.8363,-15.612,-15.6066,-16.1229,-15.8356,-15.9461,-15.8156,-15.4268,-15.2554,-16.1369,-15.4146,-15.7957,-15.0015,-15.7292,-15.6877,-15.1123,-15.0773,-15.0749,-15.4862,-15.4373,-15.2669,-15.3203,-15.1873,-14.5594,-14.8244,-15.3255,-15.4567,-14.903,-14.9088,-15.2975,-15.2476,-15.4515,-15.8759,-15.0941,-15.0143,-16.2141,-15.9837,-15.4342,-15.4198,-15.8611,-16.2583,-16.0941,-16.0869,-16.3799,-17.3966,-18.6281,-19.2738,-19.7885,-19.919,-19.7577,-19.5762,-19.444,-19.3823,-17.6253,-18.4551,-17.4368,-17.646,-16.5316,-15.5464,-15.7481,-15.2339,-14.7869,-15.4956,-14.5748,-13.5309,-13.5415,-13.3796,-13.1446,-12.9297,-12.2298,-12.7336
201,-11.4614,-11.855,-11.8541,-11.3891,-10.9672,-10.7772,-11.4348,-11.0138,-11.1728,-11.873,-11.7386,-12.0228,-11.9873,-11.0789,-11.0875,-11.1202,-10.5557,-11.4176,-11.0589,-11.291,-11.1497,-10.7292,-10.7486,-11.5539,-10.8492,-11.1357,-11.1953,-11.132,-10.9827,-11.5781,-10.6718,-10.3642,-10.3721,-11.6223,-10.811,-10.4858,-10.5774,-10.6458,-11.0435,-10.4783,-10.95,-10.9184,-10.7371,-10.1127,-10.6171,-10.7455,-10.5771,-10.1169,-10.0375,-10.6617,-10.9211,-11.2315,-11.4127,-10.984,-10.5879,-11.7893,-11.7121,-11.3992,-11.2708,-11.434,-12.2769,-12.2849,-12.1779,-13.3409,-14.2169,-15.9473,-17.6105,-18.4685,-18.9478,-18.348,-18.6482,-18.0873,-18.1102,-17.0772,-17.3581,-15.9971,-16.0786,-15.9699,-14.5969,-14.5866,-14.0305,-13.1469,-14.7201,-13.7369,-12.5552,-12.6669,-13.1021,-11.5834,-11.5491,-11.2708,-11.5385
200,-5.3916,-6.34858,-6.67549,-5.52461,-5.72913,-5.72939,-6.21732,-5.38766,-5.9051,-6.01999,-6.23862,-6.6137,-6.09192,-5.82041,-5.248,-5.43683,-4.99439,-5.12072,-5.60758,-5.89264,-5.69426,-5.40203,-5.27888,-5.82743,-5.45461,-5.12014,-5.71671,-5.30677,-5.55034,-5.61965,-5.34013,-4.95171,-5.13278,-5.96757,-4.83061,-5.09058,-5.1206,-5.35345,-5.97859,-5.25473,-5.88321,-5.77767,-5.75331,-4.88405,-5.47139,-5.16605,-5.118,-4.16528,-4.77986,-5.57449,-5.06725,-5.96355,-6.20478,-6.30118,-5.73671,-6.41155,-6.83026,-6.238,-6.12922,-6.53487,-7.25572,-7.50599,-8.36054,-9.3486,-10.8779,-13.5447,-15.4509,-16.5744,-17.4743,-17.2686,-17.7788,-16.564,-16.5488,-15.7137,-16.1711,-15.058,-13.6923,-13.8485,-13.1442,-13.2065,-12.7274,-11.805,-12.7785,-11.8722,-11.2543,-12.1048,-12.3004,-10.2039,-11.0087,-10.155,-9.85876
199,0.989391,-0.169293,-0.62044,0.579203,0.842688,0.672011,-0.129505,0.792044,0.23764,0.304508,-0.00507326,-0.00280352,0.452123,0.223984,1.16371,0.962795,1.31486,0.935194,0.553744,0.720639,0.555975,0.225169,0.93753,0.397294,0.397489,1.31592,0.824292,1.15496,1.05186,0.848314,0.365738,1.35667,1.21277,0.36906,1.45431,0.72966,0.739887,0.981266,-0.0878773,0.616036,0.620273,0.980321,-0.382157,1.13844,0.315442,0.51845,1.53336,1.8639,0.550465,0.143185,1.28425,0.0609077,0.238493,-0.0995168,0.099841,-1.03614,-1.63827,-0.226452,0.12216,-0.677893,-1.2516,-2.26645,-3.62297,-4.26504,-7.4483,-10.3908,-12.7503,-13.2978,-15.6572,-14.4943,-16.5473,-14.7983,-14.5136,-14.3407,-14.2555,-12.9488,-11.9545,-12.3394,-11.34,-11.7418,-10.2617,-10.292,-10.4273,-10.2706,-9.41512,-10.7375,-10.6847,-9.38592,-10.2546,-8.60827,-8.34537
198,7.924,6.225,6.02896,7.65129,8.15223,7.19673,6.64456,7.12901,6.91541,7.04323,7.12971,7.5632,6.55251,7.07558,8.059,7.92064,7.65255,7.90909,7.45419,6.78581,7.57881,7.81992,7.94687,7.98061,7.10694,7.15253,7.72045,7.64702,7.41766,7.7828,7.79531,7.85058,8.03641,7.30687,7.25212,6.97119,7.24182,7.9208,5.76362,6.42906,7.29256,7.84511,6.39937,8.06645,7.38904,6.86102,8.57718,7.60924,5.94269,6.55205,7.54154,5.54931,7.2459,6.81656,5.98457,4.81539,4.57042,5.55991,5.68486,5.03541,4.01338,4.31169,2.20325,0.480966,-2.57258,-6.55128,-9.77488,-10.1427,-12.337,-12.5122,-14.7583,-12.6499,-12.2029,-11.1643,-12.5115,-11.5579,-9.86322,-8.28211,-9.47725,-8.73458,-8.13172,-6.48438,-6.27017,-7.26368,-6.31761,-9.16508,-9.29995,-5.75367,-8.76685,-7.82723,-5.98261
197,13.7179,13.4967,12.8899,14.1318,14.3148,13.4802,12.5997,12.9248,13.2645,13.7248,13.4812,14.0651,13.2883,14.1506,14.5847,14.0231,14.3183,14.0572,14.213,12.9864,13.9949,14.3309,14.5316,14.3028,13.5096,14.2142,13.2577,14.0257,13.9951,14.5167,13.887,14.6259,14.7519,14.3147,13.3994,12.4366,12.2832,14.6773,12.0377,11.7131,13.5483,14.5372,12.4397,12.9512,14.1229,13.6565,14.3797,14.2262,12.9958,13.0145,12.8021,12.2405,12.9144,12.3843,12.5294,10.698,12.6367,12.0822,12.0797,11.1083,11.3339,9.21926,6.95268,5.34426,2.20604,-1.8533,-6.12708,-5.93362,-8.44576,-10.369,-11.673,-8.11654,-9.79065,-9.92027,-9.14662,-8.33801,-6.67935,-4.8995,-7.28764,-4.23,-6.9791,-4.2855,-2.10003,-4.67287,-5.73049,-5.86903,-6.24453,-0.431437,-7.30405,-2.09847,-0.667448
196,19.8403,19.3918,18.8359,19.7465,19.403,18.759,18.8261,18.5202,18.7751,19.8759,19.7814,19.5865,19.3333,20.1821,21.0146,19.6313,20.2603,20.5474,20.1305,18.547,20.1971,20.4938,19.9851,21.455,19.8437,20.2225,18.6678,19.9049,19.6922,21.1636,19.8328,20.0159,21.0814,19.938,18.2338,18.8676,18.6923,20.0837,18.6464,16.5887,19.8791,20.8689,16.9172,18.7023,20.4909,18.751,19.8702,19.9163,18.3673,18.1738,17.9957,18.0023,18.2229,19.3958,18.062,15.2711,17.8172,17.7517,18.1169,17.0796,16.2169,14.7859,10.9107,10.6301,5.05112,3.65209,-0.866992,-3.95985,-3.88716,-7.58027,-7.98819,-5.34576,-8.98327,-6.351,-6.93053,-7.90878,-3.08583,-2.95803,-4.71751,1.94786,-5.82952,-1.31794,0.274927,-2.03591,-3.46774,-2.9613,-0.257454,2.9024,-4.5453,-1.99575,0.879128
195,24.7996,25.2084,24.0876,24.5254,25.0281,23.5092,24.9669,24.4213,23.331,25.2942,25.4698,25.673,25.2991,26.2092,26.1394,24.0478,24.5968,25.596,25.1763,24.6095,24.6727,26.7265,23.9507,26.3244,25.6921,24.7052,23.8641,24.4457,25.7008,25.2712,25.1234,23.2108,25.9104,24.8348,21.8571,24.437,24.4625,24.6992,23.6895,22.984,25.0016,26.4075,22.1879,23.7548,25.7994,22.7822,24.7197,22.9103,23.455,23.7189,24.6423,23.7452,21.9464,25.0124,22.4034,18.4367,24.1363,22,24.3729,19.2654,20.2795,16.8135,12.9618,14.2264,9.52788,5.57836,1.17415,2.43752,2.85373,-2.26381,-3.31501,0.0598619,-6.96496,0.685479,-9.16589,-7.10911,0.111307,4.4798,-7.65217,4.05926,-7.33979,4.71449,-1.31407,-3.17518,-0.866168,1.34218,4.15421,3.83293,-6.2706,-2.32636,4.20067
